sample_id,image,text,label,cleaned_text
5219,5219.jpg,5219.txt,positive,Thanks !! This brings my excitement to fever pitch! #TIFF15 cc
22696,22696.jpg,22696.txt,negative,"Fellas, stop coming to take care of business in house shoes & hoop shorts. Unacceptable just like bonnets & leggings."
20847,20847.jpg,20847.txt,positive,#SelfieForNash You wanted a selfie? Here you go:')
10111,10111.jpg,10111.txt,negative,Main Conservative act re Syria isn't humanitarian or military. It's prevarication. #cdnpoli
14275,14275.jpg,14275.txt,negative,Incredible #veganartist Chantal Poulin Durocher. Please Don't Kill My Friend is my fav piece
4749,4749.jpg,4749.txt,positive,Mark your calendars! 's wild & crazy 4am after-parties are about to take over . #TIFF15
8427,8427.jpg,8427.txt,negative,I don't have a dog but I have birds.....???? #NationalDogDay
9063,9063.jpg,9063.txt,positive,THANK YOUUUU SO MUCH #ShesKindaHotVMA
14823,14823.jpg,14823.txt,positive,Thank you #gypsycartel #gypsy #follobackinstantly #folloback #RETWEEET #likeforfolow #likemepost #follow
18022,18022.jpg,18022.txt,positive,Here it comes!! Sept 24-26 Call 514-932-6378 for reservations! #derekseguin #comedy #montreal #fun
2999,2999.jpg,2999.txt,negative,When I see Harper photo-ops. #NorthKorea #elxn42
17535,17535.jpg,17535.txt,negative,#accident on 7th and Alberta on #vancouver. No serious injuries but #traffic is starting to be affected
11053,11053.jpg,11053.txt,positive,Harmony baler 72 x 40 20 hp 3 phase power clean machine #baler #buybaler #canada
22282,22282.jpg,22282.txt,negative,Northview better watch out for they're going to be looking like this guy when they get in his way
21656,21656.jpg,21656.txt,positive,I love her hair so beautifully natural wow rare sight with women today omg!
14485,14485.jpg,14485.txt,positive,I absolutely love this. #BatmanArt
9225,9225.jpg,9225.txt,negative,Why you not voting? #ShesKindaHotVMA
19605,19605.jpg,19605.txt,negative,It's getting hot in here... in #Yyc #Calgary
12958,12958.jpg,12958.txt,negative,At the scene of a fatal collision on paramount near Upper Mount Albion Rd. #hamont
2590,2590.jpg,2590.txt,negative,. makes another pointless promise & #Novak new nothing #duffygate #elxn42
20695,20695.jpg,20695.txt,positive,Today marks the beginning of week-long . Here we are showing our #Pride #Calgary
19851,19851.jpg,19851.txt,positive,Check out at if you're looking for something to do in #Ottawa!
3930,3930.jpg,3930.txt,positive,"Interested in a #Healthcare #job near #SaintClairShores, MI? This could be a great fit:"
16066,16066.jpg,16066.txt,negative,#Toronto Full Time #Job #2207 Employer: LVS Inc. Rate: $15-25/Hr
9367,9367.jpg,9367.txt,negative,To person who created the #ShesKindaHeartVMA hashtag and all those other fake ones #ShesKindaHotVMA
13729,13729.jpg,13729.txt,negative,#malware #smartphones #mobiles #virus #battery life. #cell #phones
13869,13869.jpg,13869.txt,negative,#EstDocs15 Book incl NAm/Cdn Premiere #ArvoPart80 The Lost Paradise
11074,11074.jpg,11074.txt,negative,#Canada How do you like now & his economic plans based on tar sands dirty filth! ? Did you lose $? Boo hoo!
2936,2936.jpg,2936.txt,negative,You may not be of Justin's Canada #elxn42 #polqc
6307,6307.jpg,6307.txt,negative,I HATE HIM I HATE HIM I HATE HIM I HATE HIM I HATE HIM. #DragMeDownMusicVideo
9236,9236.jpg,9236.txt,negative,Ashton's face when he see you not voting #ShesKindaHotVMA
16424,16424.jpg,16424.txt,positive,Sebastian Giovinco serves up another treat. #torontoFC
17869,17869.jpg,17869.txt,positive,#Edmonton businesses discover how to save on your #telecom costs at our free event! RSVP:
5059,5059.jpg,5059.txt,positive,spotted at #TIFF15: Nick Robinson from Jurassic World.
4666,4666.jpg,4666.txt,positive,"It's #TIFF15, which also means it's AAS #FallTerm! Good luck to all of our actors starting today ?? #actorslife"
22873,22873.jpg,22873.txt,negative,"RCMP seek two men after alleged luring of boy, 10, in Lawrencetown, #Halifax Co."
3499,3499.jpg,3499.txt,negative,The ballot box question is simple. do we want more of this hypocritical leadership. has to go #elxn42
10726,10726.jpg,10726.txt,positive,#Canada features Top 10 Moments of Day 3: #1 Mesh Sweater of
17139,17139.jpg,17139.txt,positive,Guess what I'm doing later this morning ?? #WhaleWatching #Travel #Tourism #YYJ #VancouverIsland
20448,20448.jpg,20448.txt,positive,This bedroom was decorated with a cream wallpaper from #ottawa #wallpaper #homedecor #interiordesign
5124,5124.jpg,5124.txt,positive,Join us tonight 7pm sharp for the premiere of #LaGiubba. The film is 60mins then a party 8-10. #TIFF15 Cc
13046,13046.jpg,13046.txt,positive,Jules is ready to serve u #greenbeltharvestpicnic #hamont
14243,14243.jpg,14243.txt,negative,#Dermal #Piercing by at #AlbanyModernBodyArt. #TragicEmpire #AlbanyNY #DowntownAlbany
16316,16316.jpg,16316.txt,positive,"#Toronto, AUG 21: Book launch of #TheProtonicGuardianJustinTrudeau / . Thanks Annamaria Nunziata & all."
8333,8333.jpg,8333.txt,positive,Happy #NationalDogDay even though most of these dogs aren't even mine?? but I still love them??
18198,18198.jpg,18198.txt,positive,At the for the Jacques Nantel conference and the #Fashion Truck #Montreal launch event! #CQCD
14775,14775.jpg,14775.txt,negative,Life lesson: Never trust a pirate. #theartof #captainphillips #pirates #leadership
13010,13010.jpg,13010.txt,negative,Woke up to a slew of sirens racing down the street twice. Look out window and see flames coming from Bay 200 #HamOnt
20498,20498.jpg,20498.txt,positive,I love food...and it loves me back. Boom. #Foodie #ottawaFood #OttawaFoodies #yum #food #homemade
7031,7031.jpg,7031.txt,positive,Want hot music downloads on #eatingndastreets #Hiphop #music #dope
7411,7411.jpg,7411.txt,negative,Want hot music downloads on #eatingndastreets #Hiphop #music #dope
9884,9884.jpg,9884.txt,negative,The Return of National Fences - #cdnpoli #polqc
17989,17989.jpg,17989.txt,positive,Still waiting for you to post the picture you took #OTRAMontreal
7246,7246.jpg,7246.txt,positive,Want hot music downloads on #eatingndastreets #Hiphop #music #dope
12400,12400.jpg,12400.txt,negative,Pedestrian struck in parking lot dies. #HamOnt
9732,9732.jpg,9732.txt,negative,Talk also about work of Harper Government allies: Israel & Saudi Arabia. #cdnpoli
3754,3754.jpg,3754.txt,negative,Canadian Media Guild registers as a third party in #elxn42
21541,21541.jpg,21541.txt,negative,Putting crib together on a different day after the struggles w/ this lol. But his pack n play & car seat in his room??
18677,18677.jpg,18677.txt,negative,This could be lunch. #Burek #Mediterranean #TheItalianStoreyyc
7326,7326.jpg,7326.txt,negative,Now Playing Confessions Of A Fatherless Felon Mixtape by via #Music #hiphop #rap
9536,9536.jpg,9536.txt,positive,why did you do this to us. ???? #ShesKindaHotVMA
21174,21174.jpg,21174.txt,negative,Every day
4778,4778.jpg,4778.txt,negative,I want to see your face in there tonight. #hellions #cdnfilm #TIFF15
3120,3120.jpg,3120.txt,negative,Unsafe site 4 Cda Post Box. Complained to Conservative MP. Nothing done. People have to park on road. #elxn42
17694,17694.jpg,17694.txt,positive,The 34th annual #Vancouver #Film fest starts on Sept. 24th. Join the conversation at #VIFF
17870,17870.jpg,17870.txt,positive,"This #Healthcare #job might be a great fit for you: Registered Nurse - #Edmonton, AB"
19783,19783.jpg,19783.txt,negative,Just paused at the right moment. #yyc
6436,6436.jpg,6436.txt,negative,#AppleMusic IS A TERRIBLE DISASTER. APPLE MUSIC IS A STORMING SUCCESS #streaming #radio #music
10792,10792.jpg,10792.txt,negative,"Liars, liars pants on fire, #CanadaPost, it's 23:40 ... And..."
12868,12868.jpg,12868.txt,negative,#Breaking: Plane crashes in Stoney Creek in a field off 6th Road. #HamOnt
22862,22862.jpg,22862.txt,positive,Quick affordable lunch. The CAVU bento lunch.
6104,6104.jpg,6104.txt,positive,Can you recommend anyone for this #job? Travel RN needed - OR (Operating Room) - #Nursing
6049,6049.jpg,6049.txt,positive,"#Rochester, NY #Nursing #Job: RN / Registered Nurse /... at Supplemental Health Care"
17588,17588.jpg,17588.txt,positive,Who would take this for a spin? #porsche #cayman #vancouver #surrey #whiterock #detail #splashes #explore #roadtrip
21198,21198.jpg,21198.txt,negative,from and I :))
17851,17851.jpg,17851.txt,positive,#Edmonton businesses learn how to reduce your #telecom costs. Free SIP & Socialize event! More
20100,20100.jpg,20100.txt,positive,It's Wednesday #Ottawa!
10042,10042.jpg,10042.txt,negative,Look at what other countries are doing to help. #cdnpoli
21291,21291.jpg,21291.txt,negative,So the VIP portion of 's show at has been canceled. I'm incredibly disappointed...
12911,12911.jpg,12911.txt,positive,"Monarch Caterpillar, found along the trail in the peninsula at Princess Point Park #HamOnt #caterpillars #monarchs"
19130,19130.jpg,19130.txt,negative,can't imagine the world if Woodstock would have been cancelled due to a little rain! Shame on you #yyc
15340,15340.jpg,15340.txt,positive,See a virtual tour of my listing on #504 - 35 SARANAC BLVD #Toronto #ON #realestate
17933,17933.jpg,17933.txt,positive,Niall casually walking around with his guitar #OTRAEdmonton #MTVHottest One Direction ?? #VoteFor1D
9846,9846.jpg,9846.txt,negative,Why is #Harper hiding the$2millioN donors to his party leadership race? Hes corrupt. GR8 #HAIRGATE THO #cdnpoli
13301,13301.jpg,13301.txt,positive,Custom painting completed for a memorial. Artist Jenn Swarthout of #art #painting #ArtistToWatch
18466,18466.jpg,18466.txt,negative,"#Montréal, %49 #Quebecois consider themselves as a separate #country in case they even can not manage a #city #quebec"
21218,21218.jpg,21218.txt,positive,Glad to be here! #MotorCityGETS #MotorCityZone
22690,22690.jpg,22690.txt,positive,This made my whole week.
3613,3613.jpg,3613.txt,negative,as if #cdnpoli #elxn42
17683,17683.jpg,17683.txt,negative,"#lizardlake fire on #vancouverisland now at 325 hectares, 20% contained: … #yyj #cowichan"
11864,11864.jpg,11864.txt,negative,Yesterday was a busy day at Zoe's. Here's a glimpse --> #yeg #yegrescue (JOIN US!)
22562,22562.jpg,22562.txt,positive,#Happy #IndependenceDay to my lovely #TriniTweeps either by birth or osmosis..Same #Love
9908,9908.jpg,9908.txt,negative,#harper's tone is increasingly guilty and desperate as it shd be #cdnpoli #elexn42
15336,15336.jpg,15336.txt,negative,Ashbridges Bay Skate Park #Toronto Canada Flow Some #photoshop fun :) #sk8 #skatepark #photography
8676,8676.jpg,8676.txt,negative,put that tongue away Clifford #ShesKindaHotVMA
5008,5008.jpg,5008.txt,positive,Taking a break from one love (#TIFF15) to enjoy another (#craftbeer)! #BeerExperience
9362,9362.jpg,9362.txt,positive,But remember when rted 2. Bc the 2nd album is going 2 blow minds #ShesKindaHotVMA
9790,9790.jpg,9790.txt,negative,Pamela Wallin case prompts more unwelcome questions for Stephen Harper #cdnpoli
17690,17690.jpg,17690.txt,negative,Wind storm chaos in #vancouver this is unreal! #Windcouver #apocalypse
3473,3473.jpg,3473.txt,negative,1/5 young people have mental health problems. Few get help. #NDP are leading the way to change that. #elxn42
3328,3328.jpg,3328.txt,negative,The best description of 's personality & character I've seen to date! #vote #CPC OUT #elxn42 #cdnpoli
8435,8435.jpg,8435.txt,positive,"Missing my brown eyed baby, happy #NationalDogDay Nugs????"
10951,10951.jpg,10951.txt,positive,His fun service was amazing! #RyanReynolds #Ryan #tiff #TorontoFilmFestival #Canada #Toronto #2015 #RedCarpet
3221,3221.jpg,3221.txt,negative,There's another one... #cdnpoli #elxn42
10339,10339.jpg,10339.txt,positive,#AmberAlert RT! SHARE at #Canada #abduction #findHailey LET'S FIND HER!
3880,3880.jpg,3880.txt,positive,Hello invites you to exhibit in our #JobFair #TrainingExpo #Mississauga
6339,6339.jpg,6339.txt,positive,#HillaryClinton Dazzles with Spectacular #Musical Number. Considers #Broadway Over #Politics. #Hillary2016 #captions
2913,2913.jpg,2913.txt,negative,Joe Oliver Discovered Rotting in a prison of his own making #cdnpoli #elxn42
17246,17246.jpg,17246.txt,positive,"I saw a moment in something, out of nothing, and captured it #photography #snapshot #xperia #Vancouver"
3898,3898.jpg,3898.txt,positive,"Want to work at 84 Lumber? We're #hiring in #Millersport, NY! Click for details: #Job"
11027,11027.jpg,11027.txt,positive,"Day 222: #Tombstone NP, one of the best in #Canada, the #colours make the #landscape a breathtaking place #traveltips"
8115,8115.jpg,8115.txt,positive,My babies #NationalDogDay
7585,7585.jpg,7585.txt,positive,It's #NationalDogDay and guess who is rocking a #DayAtTheWoods?
2653,2653.jpg,2653.txt,negative,Angry #Toronto resident reminded local candidate to ask first before putting sign up #greenparty #cdnpoli #elxn42
15880,15880.jpg,15880.txt,positive,The view from lunch a short time ago. Not bad! #toronto
22623,22623.jpg,22623.txt,negative,"Good morning everyone, love ya ??"
2758,2758.jpg,2758.txt,negative,If abortion is a settled issue in #Canada than why people get upset w/images of abortion? #elxn42 #GPC #VoteGreen
10105,10105.jpg,10105.txt,negative,We cant afford this continuing into the future #stopharper #Harper #cdnpoli
4734,4734.jpg,4734.txt,positive,Such an honour speaking with spokes on the #Youth red carpet! Interview coming soon. #TIFF15
2804,2804.jpg,2804.txt,negative,"perhaps instead of just focusing on C51, get Mulcair to debate Indig issues/rights & ans below #elxn42"
19763,19763.jpg,19763.txt,negative,They're playing Welcome to the Jungle. It's amazing. #harperrallyyyc
12626,12626.jpg,12626.txt,negative,Crew is cleaning up blood on scene at Jackson Square #HamOnt #OnlyinHamilton #HamiltonPolice
21648,21648.jpg,21648.txt,positive,YASSSSS!!! SHE'S the sun!! Can't wait to see /Mer shine this season! #TGIT
3192,3192.jpg,3192.txt,negative,"#elxn2015 Shameless campaigning by Chris Alexander on CBCNN interviews today. No integrity, no heart... no answers"
3786,3786.jpg,3786.txt,positive,This #Nursing #job might be a great fit for you: RN / Registered Nurse / Travel Nurse -
14335,14335.jpg,14335.txt,positive,Who wants to #win $50 #walmart or PayPal #cash? Enter here
12043,12043.jpg,12043.txt,negative,No fun! #ableg #yeg
13816,13816.jpg,13816.txt,negative,#CallMeCarter please
18762,18762.jpg,18762.txt,positive,Some of our lovely #BigBikeBBQ volunteers! Tickets are $10. Lunch at 12. All proceeds to the #YYC #MRU
21745,21745.jpg,21745.txt,positive,Sums up our night
9941,9941.jpg,9941.txt,positive,Proud to be with & who are working hard to bring #RealChange to Canada & #DVW #cdnpoli
12063,12063.jpg,12063.txt,negative,Light rain and mist is reducing the visibility here #yeg #yegwx
8110,8110.jpg,8110.txt,negative,Bronx we love you ? #HappyNationalDogDay #Rottweiler
6767,6767.jpg,6767.txt,positive,Want hot music downloads on #eatingndastreets #Hiphop #music #dope
12163,12163.jpg,12163.txt,positive,"Hey, #MobileDevelopers! Have you heard? #yeg #yyc"
11941,11941.jpg,11941.txt,negative,#rebootwhyte #yegtraffic #yegtransit slow going eastbound on Whyte
12736,12736.jpg,12736.txt,positive,"Chimney Swift. Also tough to photograph: small, fast, flies high & never lands (except in chimneys!). Dundas #HamOnt"
12018,12018.jpg,12018.txt,negative,#Cancer claims . 35-year old Ryan Soneff #HeatBaseballTeam say goodbye #YegCC
9337,9337.jpg,9337.txt,negative,The Canadian Toronto poster is sick. I'll need to print it off bc I never got it but that's alright #ShesKindaHotVMA
15143,15143.jpg,15143.txt,positive,Bringing that #shine back ? #black #cars #shiny #reflection #hood #autodetail #wash #clean
15468,15468.jpg,15468.txt,positive,#TIFF #throwback 2013 to glamming the beautiful miss #juliettebinoche #toronto #filmfestival #redcarpet #tbt
9914,9914.jpg,9914.txt,negative,One for the #NewDepressionParty #cdnpoli #elexn2015
21529,21529.jpg,21529.txt,negative,this shit on Google play store so it's obviously out
12415,12415.jpg,12415.txt,negative,Copper wire thieves at West Harbour Station caught on camera. #HamOnt
20885,20885.jpg,20885.txt,positive,OMG Nash how are you keeping up with all these beautiful fans??? #SelfieForNash Well here's meeee!! X2
14662,14662.jpg,14662.txt,negative,Love this green gown on #EstherWilliams #ThrillOfARomance #TCMparty #LetsMovie
6364,6364.jpg,6364.txt,positive,we had a great time! #imthewinnernotcam #greatmusic
20312,20312.jpg,20312.txt,positive,panorama of & during the concert #OTRAottawa
16171,16171.jpg,16171.txt,positive,#OTRAToronto bout to be littttttttttt ?? ay
12590,12590.jpg,12590.txt,positive,Mohawk Kicks off Soggy OCAA Varsity Schedule #HamOnt #HTMountaineers #OCAA
13348,13348.jpg,13348.txt,negative,#conceptart They better call me CANDY! #kaceytron #gamedev #animation #DigitalMarketing #art #design #comics
20206,20206.jpg,20206.txt,positive,Loving the new venue for at Lansdowne. #DailyPhoto #MyOttawa
22301,22301.jpg,22301.txt,negative,Spoiling myself in the am
9866,9866.jpg,9866.txt,negative,#KinderMorgan never replanted the trees they said they would & scrubbed the promise to from website #bcpoli #cdnpoli
4828,4828.jpg,4828.txt,positive,Director of the #TIFF15 opening night film 'Demolition' Jean-Marc Vallee w
17854,17854.jpg,17854.txt,positive,"; so if in #Edmonton...invite all #Esks fans to """"GET LOST"""" #EdmontonWeekends"
9028,9028.jpg,9028.txt,negative,when You join the fam Luke and Michael drag you down to hell #ShesKindaHotVMA
17115,17115.jpg,17115.txt,negative,Poor #MiniCooper #Vancouver #summerstorm
21572,21572.jpg,21572.txt,positive,Tonight....we celebrate. Salud!
7777,7777.jpg,7777.txt,positive,My Girl! #NationalDogDay
18727,18727.jpg,18727.txt,positive,"We were at #pawsintheparkyyc today, keeping all of our thirsty four-legged friends like Stella hydrated!"
22167,22167.jpg,22167.txt,negative,“: No chick flick will ever be as sad as this movie Honestly ????
17114,17114.jpg,17114.txt,positive,"Lunch #Vancouver (@ Nando's Flame-Grilled Chicken in Vancouver, BC)"
8983,8983.jpg,8983.txt,negative,i feel uncomfortable #ShesKindaHotVMA
21036,21036.jpg,21036.txt,negative,#SelfieForNash ???? not the best pic but doing this just for you
12608,12608.jpg,12608.txt,negative,How well do you know your #hamont ? Where is this and when was it built?
15579,15579.jpg,15579.txt,negative,Get schooled with #NakedGirlsReading #Toronto! ?? Sept 19 6pm #torontoevents #the6ix #yyz #queenwest
11508,11508.jpg,11508.txt,negative,Fog in the river valley. Drive carefully as you enter the bridges #yeg #abroads via
14207,14207.jpg,14207.txt,negative,YAY!! Back to school shopping and this was a priority!! ????. #StartHere
3462,3462.jpg,3462.txt,negative,The only way to deal with the #TommunistManifesto trolls is to answer them with #HeilHarper #cdnpoli #elxn42 #polcan
11395,11395.jpg,11395.txt,positive,The last bike lap of the elite women's race. Great Britain's Vicky Holland finished 1st. #CBC #yeg
11670,11670.jpg,11670.txt,negative,How many people actually wanted a sign? Hear you've been putting them up without permission #yeggriesbach
10082,10082.jpg,10082.txt,positive,Canadian Union of Postal Workers on ‘#StopHarper’ cross-country RV tour: #cdnpoli #canlab
18770,18770.jpg,18770.txt,positive,BSF MOM's love some OH's #whilethekidsaresleeping #futurestrong #yyc #fitmums #doingitforthekid #mymomsstronger
18398,18398.jpg,18398.txt,negative,The Shameful secret of #science truth #Montreal
8658,8658.jpg,8658.txt,positive,RT for Luke Hemmings #ShesKindaHotVMA
3670,3670.jpg,3670.txt,positive,The Hair Apparent #elxn42 #polqc
19965,19965.jpg,19965.txt,positive,Happy #Pride #Ottawa ?????? #feministfriday #ottpride
9051,9051.jpg,9051.txt,negative,@ people who aren't voting #ShesKindaHotVMA
10013,10013.jpg,10013.txt,negative,deceives his constituents while promoting a dictator Real bottom feeder #cdnpoli
8574,8574.jpg,8574.txt,positive,Worth getting up at 6:30 #5SOSonGMA #ShesKindaHotVMA
7072,7072.jpg,7072.txt,positive,#livemusic #openjam #september2015 we start !
8866,8866.jpg,8866.txt,negative,"#ShesKindaHotVMA for all the people who have tweeted """"#ShesKidnaHotVMA"""" ??????"
21487,21487.jpg,21487.txt,negative,college jokes/suicidal thoughts
19479,19479.jpg,19479.txt,positive,"Winter's already here in #yyc. It's okay, let's warm up our soul and body with a plate of duck benny"
5477,5477.jpg,5477.txt,positive,So happy I got to see pick up win no 100 today! #Congratulations #ComeTogether #BlueJays
6269,6269.jpg,6269.txt,positive,Looking for something to do in #Halifax Sept 10-13? Check for #CCMA #CountryMusicWeek info.
12198,12198.jpg,12198.txt,negative,"How you Sunday looking, mines a little screwed. Stop by Shell Shock for your high Sunday needs #yeg #sunday #dabs"
13311,13311.jpg,13311.txt,positive,Writing myself notes for tomorrow morning ?? #starbucks #proudtobeapartner
9114,9114.jpg,9114.txt,positive,We are the KINGS and the QUEENS of the new broken scene #ShesKindaHotVMA
20103,20103.jpg,20103.txt,positive,The final game of their first season in #ottawa ! Great & popular 1st season!
9758,9758.jpg,9758.txt,negative,Harper's multiple year Miley Cyrus moment. #cdnpoli
12154,12154.jpg,12154.txt,positive,Do YOU like rainy days in your Mustang? #yeg
5387,5387.jpg,5387.txt,positive,#bluejays it's our 18th anniversary 22 years together that's half my life :) section 119 row 25 seats 10-11
18595,18595.jpg,18595.txt,negative,SB Beddinton Trail is very slow moving from Stoney trail to Country Hills Blvd #yyctraffic
13877,13877.jpg,13877.txt,positive,Let's go #AllHeartEsks
13022,13022.jpg,13022.txt,positive,The top ten songs downloaded by Canadians from 2011 to 2014: #HamOnt
22791,22791.jpg,22791.txt,negative,Wrong is never inevitable.....
16961,16961.jpg,16961.txt,positive,This crazy old Gnome has been rocking this garden for decades! #gnome #betweenarock #toronto
12532,12532.jpg,12532.txt,positive,Mainly sunny Wednesday in Hamilton: DayStarter Weather. #HamOnt
9689,9689.jpg,9689.txt,negative,Mulcair will waste country's time when there is no time to waste! #cdnpoli
8312,8312.jpg,8312.txt,positive,"An 1889 greeting card, in tribute to #NationalDogDay"
14496,14496.jpg,14496.txt,negative,FEAR THE WALKING DEAD #FearBeginsHere #FearTWDPremiere Excited. Who's with me? #FearTWD
3603,3603.jpg,3603.txt,negative,What's wrong ... #elxn42 #polqc
3628,3628.jpg,3628.txt,negative,Conservatives view migrants as criminals. #cdnpoli #elxn42
21610,21610.jpg,21610.txt,negative,pretty much stared at this all day.
4995,4995.jpg,4995.txt,positive,At last night's premiere of #Freeheld. Definitely watch this movie! #TIFF15
12409,12409.jpg,12409.txt,negative,Suspect in HSR driver stabbing found dead. #HamOnt
21004,21004.jpg,21004.txt,negative,#SelfieForNash I'm Nicole and I love waffles??????
12441,12441.jpg,12441.txt,positive,Please join us also on Facebook. Thanks - #HamOnt #OnlyinHamilton #Ticats #Bulldogs
9426,9426.jpg,9426.txt,positive,can you guess who is who ? (im in the middle of course) #ShesKindaHotVMA #ASK5SOS x3
17950,17950.jpg,17950.txt,positive,"Donna, un grand petite fan VW. Donna, a big little VW fan. #spin&win #centrevillevw #montreal"
19289,19289.jpg,19289.txt,negative,Forgot to post this when I was going to work at 530am but yes..that's snow. #yyc #calgary #alberta
3394,3394.jpg,3394.txt,positive,Earle McCurdy will vote in 2015 because he is ready for real change! #uniforcc #nlvotes & #elxn42
19060,19060.jpg,19060.txt,positive,Aubs begging Stef to get into #FreshLife #yyc #ChurchOnAThursday?
22771,22771.jpg,22771.txt,negative,"Cum to/at my next live webcam show this Saturday, August 29th at 2pm Pacific / 5pm Eastern. ;-)"
6133,6133.jpg,6133.txt,positive,"Can you recommend anyone for this #Nursing #job? #Edmonton, AB #Hiring"
11996,11996.jpg,11996.txt,negative,Ripped my toenail off to get this picture. #yeg #UAlberta #diditforartclass
6571,6571.jpg,6571.txt,positive,"Just sharing LOVE an A #Music #Cover """"LADY"""" MyGarage2U. …"
3663,3663.jpg,3663.txt,negative,NDP is new Conservative! #elxn42
8627,8627.jpg,8627.txt,negative,#ShesKindaHotVMA why not
17947,17947.jpg,17947.txt,positive,"Good day #WTSEdmonton ! Bike to Kinsmen swimming pool and swim done for the day , now #coffee . #JetLagged"
15686,15686.jpg,15686.txt,negative,#Customs at #YYZ. Packed in like sardines and nothing is moving. What's going on??? #Toronto
19085,19085.jpg,19085.txt,positive,Full house at #yyc conference #workplacebullying
13172,13172.jpg,13172.txt,negative,"#WarrenMI - #MacombCounty - #OaklandCounty - Fix Red Run ?? - Actually DREDGE , remove dirt ?"
11894,11894.jpg,11894.txt,negative,"#yegbike Probably #stolen #bmx bike locked outside my building. Go down 115 St, N of Jasper to view."
14632,14632.jpg,14632.txt,negative,Sadly I would not buy again for my #kindergarten girl. Destroyed worse than any shoes so far.
3109,3109.jpg,3109.txt,negative,#NDP Tax hikes #elxn42 #polqc
8611,8611.jpg,8611.txt,positive,Everyone's got their demons even wide awake or dreaming ?? #SoundsGoodFeelsGood #JetBlackHeart #ShesKindaHotVMA
14533,14533.jpg,14533.txt,positive,?? Keep dreaming ?? #DoodleArt #sketchbook #sketch #doodle
22113,22113.jpg,22113.txt,positive,Had the most amazing squash tacos from #fresh #lunch #toronto
13660,13660.jpg,13660.txt,negative,Today at 1:30 I'll be playing back to school sale! <3 #BackToHogwarts
21594,21594.jpg,21594.txt,negative,getting new tires
11483,11483.jpg,11483.txt,negative,Pretty things at HQ ?? thanks to for the custom painting! #yegarts #yeg #yeghistory
9167,9167.jpg,9167.txt,negative,oops they're all gone #sorrynotsorry #ShesKindaHotVMA
18905,18905.jpg,18905.txt,positive,Best twitter convo I'll see in my feed today... #yyc
17738,17738.jpg,17738.txt,negative,#ThrowbackThursday don't let #Vancouver #WindStorm stop u from hosting #ButlersKitchen Aug29 #poweroutage ????
20136,20136.jpg,20136.txt,positive,A dreamy crescent moon on a cool evening. #Ottawa #moon #summer
4848,4848.jpg,4848.txt,positive,"After a late night working @ the #TIFF15 Opening Night Party, was so fun to read the Memory Wall. Can you spot mine?"
2718,2718.jpg,2718.txt,negative,"The fundamental flaws in the Canadian health care system, Dr. David Naylor #cmagc #elxn42"
2931,2931.jpg,2931.txt,negative,Gen. Hillier chastises for their extreme anti-Harper ad #elxn42 #cdnpoli
18656,18656.jpg,18656.txt,negative,This is how you lose your #mancard #yyc #fashionfail come on guys... put some effort into dressing.
3034,3034.jpg,3034.txt,negative,Mandryk: Tories show lack of compassion #spnews #news #elxn42
20880,20880.jpg,20880.txt,positive,last time and I'm giving up ?? excuse my smile #SelfieForNash
9794,9794.jpg,9794.txt,negative,never mind temporarily suspend your campaign. Stop all together you do not represent #canada #cdnpoli
19679,19679.jpg,19679.txt,negative,The AER has issued a suspension order to Nexen re 95 pipelines due to non-compliance at Long Lake facility #yyc
12540,12540.jpg,12540.txt,negative,Car rolls over to avoid real estate sign on Burlington Skyway. #HamOnt
15264,15264.jpg,15264.txt,negative,Spending Labor Day weekend in Canada. #Toronto
14843,14843.jpg,14843.txt,positive,Making some final touch ups before on our Super Mario installation piece! #techartfusion
8891,8891.jpg,8891.txt,negative,Y R UR LIPS SO BIG AND PLUMP AND FLUFFY #ShesKindaHotVMA
22600,22600.jpg,22600.txt,negative,Holy shit is so bad at driving
11155,11155.jpg,11155.txt,negative,If abortion is a settled issue in #Canada than why people get upset with images of abortion?#Harper #Trudeau #Mulcair
14121,14121.jpg,14121.txt,positive,Our classroom for the night #bartending101 #yelpevent
12615,12615.jpg,12615.txt,negative,BREAKING: City charges 8 people for driving for . #HamOnt
10889,10889.jpg,10889.txt,negative,#Syria & Iraq Now you focus on your 10 year wrecked #Canada economy & not so much on your fear campaign?!
22748,22748.jpg,22748.txt,negative,#MySecretScandal i'm starting to grow feathers -help b4 anyone finds out my duck lips have spread to my body
2692,2692.jpg,2692.txt,negative,Vote Conservative Patrick Brown TODAY if you live in #SimcoeNorth!! #onpoli #elxn2015
18904,18904.jpg,18904.txt,negative,"Fireside chat, complete with smoke. #smbyyc67"
10701,10701.jpg,10701.txt,negative,If abortion is a settled issue in #Canada than why people get upset with images of abortion? #Ready4Change! #miNDP
18469,18469.jpg,18469.txt,positive,| M O N T R E A L | Always a Pleasure #Night #Montreal #Photo #2015 #blackandwhitephotography
18750,18750.jpg,18750.txt,positive,Stash is open every Sunday! See you crafty peeps tomorrow! #yyc #Calgary #ininglewood #knit #crochet
6678,6678.jpg,6678.txt,positive,Want hot music downloads on #eatingndastreets #Hiphop #music #dope
17468,17468.jpg,17468.txt,positive,Loving this new view behind my apartment. #Vancouver
2664,2664.jpg,2664.txt,negative,Remember this? #cdnpoli #polqc #fed2015 #elxn42 #LPC on ISIS
8808,8808.jpg,8808.txt,positive,Raise your hand if you want 5sos to win!!???????????? #ShesKindaHotVMA #BattleOfTheFangirls #5SOSFAMVOTEATTACK
22152,22152.jpg,22152.txt,positive,"""""Looking for Sheldon Cooper"""" #nerdhumour #geek #bigbangtheory"
18085,18085.jpg,18085.txt,negative,[Montreal]: 5 Reasons why you shouldn't drive in Montreal #traveltips #montreal
15431,15431.jpg,15431.txt,negative,warmongers anti peace jewish defence leage protest in front of #justintrudeau Jewish supporter fundraiser #toronto
9079,9079.jpg,9079.txt,negative,to whoever isnt voting #ShesKindaHotVMA
18127,18127.jpg,18127.txt,positive,#OTRATMONTREAL MY SIGN FOR THE SHOW IM DONE
19727,19727.jpg,19727.txt,positive,Enjoying this beautiful day with a walk in fishcreek park. #fishcreekpark #calgaryparks #calgarypaths #yyc
20057,20057.jpg,20057.txt,positive,ANSWER 7: True test to my Asian math skills. #GottaWorkForMyFood #BirthdayAdventure #Ottawa #GavingerHunt
16266,16266.jpg,16266.txt,positive,The closest thing to heaven #tearsforfears #thankyouclouds #toomuchsun #toronto
18401,18401.jpg,18401.txt,positive,Head over to our Instagram page to see more #montreal #Nightlife #clubbing #photography #sexy
12191,12191.jpg,12191.txt,positive,Rainy fall afternoon in Edmonton #wheresmysunshine #yeg #edmonton #fallishere
11127,11127.jpg,11127.txt,positive,Just been on a helicopter ride over niagra falls. #Canada #showoff
7823,7823.jpg,7823.txt,positive,Happy #nationaldogday to all those loving furry family members! #wolfie
18306,18306.jpg,18306.txt,positive,Having a lovely time w/ in #Montreal for #campaignforwool #cavadesoixxv
12861,12861.jpg,12861.txt,positive,The hits Jackson Square #HamOnt feat. & today & tomorrow. #HamOnt
15070,15070.jpg,15070.txt,positive,Finished #SplatfestNA as #TeamAutobots Queen. I had a high vibe meter & made lvl. 29. Best #Splatfest yet! #Splatoon
19244,19244.jpg,19244.txt,negative,#xfest is cancelled and tons of big name artists are in town. will any local venues be having them tonight? #yyc
20725,20725.jpg,20725.txt,negative,55 mm rain NW #Calgary in last 12 hours and still coming down
14406,14406.jpg,14406.txt,negative,***??????????***For A Limited Time***??????????*** #BookBoost #IARTG
6178,6178.jpg,6178.txt,negative,is she crazy? #MusicOverEverything
21618,21618.jpg,21618.txt,positive,Old school ad?
15471,15471.jpg,15471.txt,positive,i am happy #ROWYSOToronto
11741,11741.jpg,11741.txt,positive,at center of attention #yeg #ignitefestyeg
22743,22743.jpg,22743.txt,negative,York cops track laser kid with infrared cam …
5969,5969.jpg,5969.txt,negative,Gone to watch the Jays and guess who flew up here from the Rock? #cometogether #BlueJays
14917,14917.jpg,14917.txt,positive,#Startrails over my back yard.
21331,21331.jpg,21331.txt,negative,i am weak
18407,18407.jpg,18407.txt,positive,Harry's rant in one picture #OTRAMontreal
9854,9854.jpg,9854.txt,negative,You do not sell us out to #china and then get reelected #Fipa #Notpp #cdnpoli #elexn42
19712,19712.jpg,19712.txt,positive,Guess what time it is: #SmileCookie supporting #yyc NICU for get your #coofee (coffee+cookie)
7818,7818.jpg,7818.txt,positive,“: Happy #NationalDogDay 2 all 4 legged lovers.No truer bond then a boy & his dog UNCONDITIONAL LOVE
8704,8704.jpg,8704.txt,negative,#ShesKindaHotVMA We are kicking but ????
19845,19845.jpg,19845.txt,positive,Getting ready for the show of the year!!! #ACDC #OTTAWA
9159,9159.jpg,9159.txt,negative,So my family just tried kicking me off the tv no bitch #ShesKindaHotVMA
12167,12167.jpg,12167.txt,negative,{} #YEG Here's some science for ya. Should we be worried or dont bother to waste a breath?
9900,9900.jpg,9900.txt,negative,#TPP will sink the world economy #NoTpp #cdnpoli #obama #noTTIP
8888,8888.jpg,8888.txt,negative,I love 5h stans #ShesKindaHotVMA
12508,12508.jpg,12508.txt,negative,Pilot dead after small plane crashes in Stoney Creek soybean field. #HamOnt
19624,19624.jpg,19624.txt,negative,"#yyctraffic Better look at the semi crash that's closed 10th Street NW, and also ties up WB Memorial. #WTTruck"
6454,6454.jpg,6454.txt,negative,"Trust us, today's SPB is unreal - the artist AND the festival: #sziget2015 #music"
9427,9427.jpg,9427.txt,positive,Rt for this beast of beautiful man #ShesKindaHotVMA
3082,3082.jpg,3082.txt,negative,Should Canadians Put Their Trust In Justin? - The Justin Trudeau song! #canpoli #elxn42
22645,22645.jpg,22645.txt,negative,Front St at 6pm gridlocked both directions. Takes longer to get on Gardiner than driving to Oakville.
22497,22497.jpg,22497.txt,negative,Basically ??
4826,4826.jpg,4826.txt,negative,"By director , it starred (Varys) who I didn't recognize until the end. Good fun. #TIFF15"
22884,22884.jpg,22884.txt,negative,riend
21892,21892.jpg,21892.txt,negative,Lest we forget! #SyriaCrisis #IrishFamine #ThenandNow
2969,2969.jpg,2969.txt,negative,Is this why hasn't made refugee crisis a priority for 2 1/2 yrs. Underlings to blame? #elxn42 #polqc
14590,14590.jpg,14590.txt,negative,"Either I've been watching too much #StarWars, or #DarthVader has been messing with my #coffee again..."
12096,12096.jpg,12096.txt,negative,. Chief Rod Knecht says recent road deaths renew calls for law allowing police to seize vehicles. #yeg
11648,11648.jpg,11648.txt,negative,#yeg #yegdt. The roof on the arena is really coming along
17743,17743.jpg,17743.txt,positive,Impressive totems at Museum of Anthropology at UBC in #Vancouver #destinationBC #exploreBC
13838,13838.jpg,13838.txt,negative,“: #Casorati #Art #Arte #QuizzArt Greetings! :-)
18385,18385.jpg,18385.txt,negative,and Raven world renown Artist #Montreal #mtl #NDG
12236,12236.jpg,12236.txt,positive,Review: Nicki Minaj’s #PinkprintTour comes to an end in #Edmonton (by ) #Barbz #YEG
7753,7753.jpg,7753.txt,positive,It's #NationalDogDay and this is a photo of my 9lbs cat alphaing the shit out of my 80lbs dog
6626,6626.jpg,6626.txt,positive,"#NP ITP:""""Guilty(You'reTheOne)"""" #RT #radio #AirPlay #indierock #indiemusic"
14309,14309.jpg,14309.txt,positive,Meet The Fabulist's parents: ! Yes even friendly aliens have parents. #evLiving #yycarts #yycscience
10576,10576.jpg,10576.txt,positive,Awesome Handmade Nova Scotia Sock Monkeys! #halifax #novascotia #canada #usa
21454,21454.jpg,21454.txt,negative,like we already know he was gay... What colours the sky today while you're at it
9753,9753.jpg,9753.txt,negative,#Tarsands tailings ponds leak 4 billion L of #toxic water a year #cue the #oilTrolls #cdnpoli
7775,7775.jpg,7775.txt,positive,Thoughtfulness! #NationalDogDay
22352,22352.jpg,22352.txt,positive,Rare 2 Bed Corner #Condo Unit @ #CityCentre #Mississauga #yyzre
12295,12295.jpg,12295.txt,negative,#yegtraffic accident WB Stony Plain Rd. Just west of 184st.
13545,13545.jpg,13545.txt,positive,"“: Mansard Roof, 1923 by Edward Hopper #EdwardHopper #art"
18273,18273.jpg,18273.txt,positive,#Restaurant Las Palmas #Villeray #Montreal Very Good Salvadorian food!
16939,16939.jpg,16939.txt,negative,"They may be a bit older, but I'm gonna finally see #theProdigy at #RiotFest #Toronto! #OGEDM"
14150,14150.jpg,14150.txt,positive,Grosse Pointe welcomes Interiors home tonight. #artvan #luxury #furniture
3068,3068.jpg,3068.txt,negative,#Canada If you don't vote Grumpy 'Ole Demented Men choose your prime minister. #cdnpoli #elxn42 #GrumpyOldMen
21604,21604.jpg,21604.txt,negative,I think enjoys the new update #wcw
2826,2826.jpg,2826.txt,negative,via . ?Stand clear! Parkins 'toon on Lynton Crosby jolting Harper's dead-parrot #elxn42 campaign back to life
13256,13256.jpg,13256.txt,positive,"re: #TwitterMadeMeStart """"sharing cute animal pics"""". Me too! It's terrible, I can't seem to stop!"
22587,22587.jpg,22587.txt,negative,#ThingsBetterThanNikkisReign Laughing at Stupidity??????
9133,9133.jpg,9133.txt,negative,ME RN #ShesKindaHotVMA
19633,19633.jpg,19633.txt,positive,Hiring for Winter 2015/2016 Season: #welovewhatwedo #yycjobs
22286,22286.jpg,22286.txt,positive,Never been happier to see so much rain in a couple days. #wdywt #spiderbreds
8214,8214.jpg,8214.txt,positive,"""""Bet you didn't know, under that live oak, my favorite dog is buried in the yard"""" #NationalDogDay"
4024,4024.jpg,4024.txt,positive,Bill is the greatest coaching mind period. #DoYourJob -- Note to other coaches - understand the rules.
20790,20790.jpg,20790.txt,positive,#SelfieForNash ???? not the best pic but doing this just for you
15084,15084.jpg,15084.txt,negative,Back to school #autowa! Well I guess they can't speed...
17774,17774.jpg,17774.txt,negative,Trees down at 3rd and Balsam #vancouver #windstorm
12427,12427.jpg,12427.txt,positive,Wonderful to see #MonarchButterflies (Danaus plexippus) at #RockGarden #HamOnt
21728,21728.jpg,21728.txt,positive,he taught me how to flex ??????
5917,5917.jpg,5917.txt,negative,CCCCCCCCCCCCCCCCCCCCCCC plate. #TORvsNY #bluejays
12465,12465.jpg,12465.txt,negative,People with back injuries treated with opioids off work longer: study. #HamOnt
11209,11209.jpg,11209.txt,negative,Check out KittyPlaysGames and her DXRacer OH/DF51/NW #KittyPlaysGames #DXRacer #Canada
18801,18801.jpg,18801.txt,negative,These CPS Canine Unit Calendar dogs have bite too. #yyc
8482,8482.jpg,8482.txt,positive,Happy #NationalDogDay .... My Miss Mazie kickin it poolside ????????????????????????????
9098,9098.jpg,9098.txt,negative,#ShesKindaHotVMA this has been be for like two days straight
22328,22328.jpg,22328.txt,negative,Bianca looks so hot
11099,11099.jpg,11099.txt,positive,Basking shark off bulls bay newfoundland #canada
9896,9896.jpg,9896.txt,negative,This is the REALITY of Abortion! The part that the #cdnmedia dont want you to see #cdnpoli #CPC #NDP #LPC #GPC #CBCNN
21768,21768.jpg,21768.txt,positive,"Vancouver, British Columbia 18.0°C | 64.0°F Humidity: 77% Overcast"
8437,8437.jpg,8437.txt,positive,Happy #NationalDogDay to my furbaby Mac. #DontBullyMyBreed
9394,9394.jpg,9394.txt,negative,when he wont let you suck the D so you use a lollie pop #ShesKindaHotVMA
21712,21712.jpg,21712.txt,positive,Meet . Can't wait to watch him take over the world. #NewSong #Saturdays #NP
12694,12694.jpg,12694.txt,positive,"Trying to plan your #wedding guest list? Here is our simple, stress-free approach! #HamOnt"
21206,21206.jpg,21206.txt,positive,what's that about me being a beached whale ? Cause I think I look pretty damn good #youcanlickem
15820,15820.jpg,15820.txt,positive,Grilled chicken tostada salad - you can eat the bowl when you're done! Eat it up! #Toronto #GoJaysGo
20145,20145.jpg,20145.txt,negative,Find out how you can win a #Free at our website #JUMPsBribeOrRide #Ottawa
11733,11733.jpg,11733.txt,negative,You lookin at me #yeg
2899,2899.jpg,2899.txt,negative,If abortion is a settled issue in #Canada then why people get upset with images of abortion #TeamBennett #LPC #elxn42
9749,9749.jpg,9749.txt,negative,Death merchant wants major arms deals kept secret. Is he proud or ashamed of results? #cdnpoli
11054,11054.jpg,11054.txt,positive,Blackberry Festival photo album : #StudyInCanada #exploreBC
10660,10660.jpg,10660.txt,positive,?? is ready to #Rally4Rio! Game 2 here we go! #YEG #teamcanada #teamcanadavolleyball
7095,7095.jpg,7095.txt,positive,On stage at Woodlawn Beach Tiki Bar. Where's ? #buffalo #music
2534,2534.jpg,2534.txt,negative,"CPC candidate Gabriel Purcarus, when I asked him about his deleted FB page. #elxn42 #cdnpoli"
6945,6945.jpg,6945.txt,negative,"Girls, Wrong Direction. #RelationshipGoalsIn3Words #Vancouver #Canada #Design #Marketing #Music #Follow"
22846,22846.jpg,22846.txt,negative,Love is pain.
12662,12662.jpg,12662.txt,positive,Thanks to Andrew Spencer &Yen Shi from #HamOnt for your presentation on a career with financial services.
21555,21555.jpg,21555.txt,negative,When I say something really stupid in public which I do a lot
5205,5205.jpg,5205.txt,positive,Sat down with Penelope Cruz yesterday to discuss motherhood and mortality. #TIFF15
10696,10696.jpg,10696.txt,negative,News for #SexualAssault on #CanadaLine is missing.
13238,13238.jpg,13238.txt,negative,"Why can't we just have one normal night ? Oh yah, cause normal is BORING. #ThePartyLivesHere"
19195,19195.jpg,19195.txt,positive,The arts/science/engineering festival #Beakerhead begins today! Follow the exploits here and on . #yyc
9734,9734.jpg,9734.txt,negative,Stephen Harper today says Canada won't do more that it already does for refugees. #cdnpoli #CPC
18917,18917.jpg,18917.txt,negative,Details on abduction of 2y/o girl from Blairmore #Alberta #amberalert #abemerg #ABAmber #yyc
8870,8870.jpg,8870.txt,negative,when 5h fans start to dm you hate #ShesKindaHotVMA
19940,19940.jpg,19940.txt,negative,Something wrong with a bridge construction I suppose. #ottawa #woodroffe #traffic
8423,8423.jpg,8423.txt,negative,#HappyNationalDogDay this is my baby her name is MODAY
10241,10241.jpg,10241.txt,negative,The pain of Being forgotten like #CANADAMATTERS5SOS
5374,5374.jpg,5374.txt,negative,Wow! We get mercy'd in our 1st slo-pitch playoff game...and I come home to a #Bluejays beat-down. Not a great night!
21533,21533.jpg,21533.txt,negative,THAT I AGREE WITH
9299,9299.jpg,9299.txt,negative,COME ON FAM WE GOT THIS. DO IT FOR FETUS LUKE #ShesKindaHotVMA
11124,11124.jpg,11124.txt,positive,We wish everyone a safe & relaxing LONG weekend. What do you have planned? Enjoy the weather. #AvivaCanada #TGIF
8974,8974.jpg,8974.txt,negative,MY FOLLOWERS HATE ME #ShesKindaHotVMA
17756,17756.jpg,17756.txt,negative,Do you know why traffic is barely moving at Avison Way? #StanleyPark #Vancouver
22409,22409.jpg,22409.txt,negative,"#KimDavis, I am going to fuck your ass with |"
20104,20104.jpg,20104.txt,positive,Setting up for the biggest Biz #GolfTournament in #Ottawa
22131,22131.jpg,22131.txt,negative,My mom knows I'm pretty dang excited for Chinese ????????
18136,18136.jpg,18136.txt,positive,Mother-Daughter duo! #TheWeekendMO #WeekendMo #EndCancer #Montreal
20267,20267.jpg,20267.txt,positive,Plenty of company on the rocks of Britannia this evening for the finale to a spectacular day. #DailyPhoto #MyOttawa
5819,5819.jpg,5819.txt,positive,Let's go #BlueJays #TDTuesday
22129,22129.jpg,22129.txt,negative,my phone loves to watch me suffer
21422,21422.jpg,21422.txt,positive,Omg this guy at work is wearing bandanna pants. I didn't know how to explain so I googled
9529,9529.jpg,9529.txt,negative,Rt for blonde Michael ?? #ShesKindaHotVMA
17254,17254.jpg,17254.txt,negative,"In 2014, city of #Vancouver visited 85 different addresses #illegaldumping #cbc"
9013,9013.jpg,9013.txt,negative,RT or he will show up in your bedroom tonight #ShesKindaHotVMA
14354,14354.jpg,14354.txt,negative,5SOS please notice us we are always left out #CaribbeanNeeds5SOS #5SOStoMartinique 143
17485,17485.jpg,17485.txt,positive,"Arrived In Vancouver, little boy began his journey#Canada #Vancouver #Backtoschool #Freshmen"
9538,9538.jpg,9538.txt,positive,So where's my seniors MC Donald's discount #ShesKindaHotVMA
13799,13799.jpg,13799.txt,positive,Always choose quality ingredients! #supportlocal #grainfed #nohormones #eatwell #livewell #banquet #reception #party
13405,13405.jpg,13405.txt,positive,Fountain of Ghosts #mtl #montreal #streetphotography #art
6951,6951.jpg,6951.txt,negative,Want hot music downloads on #eatingndastreets #Hiphop #music #dope
5087,5087.jpg,5087.txt,positive,"""""Go make some movies.Tell your stories please!""""- #TIFF15 #Room"
21373,21373.jpg,21373.txt,negative,I've been listening to Cheap Girls a lot lately.
19096,19096.jpg,19096.txt,positive,#yycpride LOVE
10911,10911.jpg,10911.txt,negative,RT IF YOU'RE FROM QUEBEC #CANADAMATTERS5SOS
17216,17216.jpg,17216.txt,negative,#IllegalDumping near a soon to be demolished apartment building in #SouthVancouver #cbc
19478,19478.jpg,19478.txt,negative,U can easily smell the smoke. Conditions are alot worse today! #yyc #Calgary #abstorm
21836,21836.jpg,21836.txt,negative,Fuck my whole existence
21323,21323.jpg,21323.txt,positive,I need Agüero to ball today
9785,9785.jpg,9785.txt,negative,"HUFFPOST: """"Harper's Economic Record Is Sub-Mediocre"""" #cdnpoli"
8962,8962.jpg,8962.txt,positive,"Luke, stop being hot. #ShesKindaHotVMA"
11805,11805.jpg,11805.txt,positive,#Instagram & #Pinterest doubled users over the last 3 yrs #YegMarketing #Yeg
22793,22793.jpg,22793.txt,negative,Breaking News: Homer Glen Students Welcomed Back To School With Bomb Threat
2914,2914.jpg,2914.txt,negative,Not so great moments in Canadian History with Stephen Harper #elxn2015
14261,14261.jpg,14261.txt,negative,possible plot twist? poor behind. #ArtStudioProblems #Procrastination
2618,2618.jpg,2618.txt,negative,This wee guy didn't pee on my porch. AFAIK. #peegate #cdnpoli #elxn42
10484,10484.jpg,10484.txt,positive,"Oh, hi . Can't wait to see the #ChefinyourEar premiere tn on #FoodNetworkCanada #shawnanigans"
16731,16731.jpg,16731.txt,negative,"Station Eleven is a cult favourite but The Last Hockey Game is about, well, of course, hockey. #Toronto"
13243,13243.jpg,13243.txt,negative,So the deck just fell off this house #timstottbachelorparty
3488,3488.jpg,3488.txt,negative,"Jason Kenny Redefines """"deficit"""" #elxn42"
14238,14238.jpg,14238.txt,positive,Thank you 2015 #hostedbuyers #iwshow #closingparty
8055,8055.jpg,8055.txt,positive,make sure you sleep with your favourite on #NationalDogDay
3643,3643.jpg,3643.txt,positive,"Liberals to hold press conference tomorrow on Thomas Mulcair, generally. #cdnpoli #elxn42"
12355,12355.jpg,12355.txt,positive,This season is far from over. Congrats to on the goal. A very solid performance from #FCEd! #yeg
22614,22614.jpg,22614.txt,negative,ASI's Bell Site dog burial subject of new publication: #HistoricalArch #Osteoarch #Zooarch
20903,20903.jpg,20903.txt,positive,#SelfieForNash Smilin'
10955,10955.jpg,10955.txt,negative,#mexico leaders and #realdonaldtrump are smart.. while #canada and #america leaders are dumb?
14624,14624.jpg,14624.txt,positive,Watching this #cocktail artform fills my soul #savoy #guestbartender in #yyc
10673,10673.jpg,10673.txt,negative,#AmberAlert RT! SHARE at #Canada #news #abduction #FindHailey
10449,10449.jpg,10449.txt,positive,Awesome sock monkeys! #halifax #canada #maritimes #novascotia #usa
18845,18845.jpg,18845.txt,positive,"Hey #YYC, we're on our last keg of #MoreMoney #ImperialIPA so come get some while it's still around!"
22163,22163.jpg,22163.txt,positive,oh. ok.
9034,9034.jpg,9034.txt,negative,Me right now because it's 8am and I'm up waiting 4 #5SOSonGMA #ShesKindaHotVMA
8596,8596.jpg,8596.txt,negative,where are all my fellow Hayley's #ShesKindaHotVMA
4913,4913.jpg,4913.txt,positive,Master director and overall incredible human being Patricio Guzmán returns to w/ THE PEARL BUTTON. #TIFF15
5529,5529.jpg,5529.txt,positive,Enjoying game with my beautiful Ella. We're fortunate to live in this city #letsgobluejays
11777,11777.jpg,11777.txt,positive,. so both sidewalks are closed at Jasper and 122. What now? #yegwalk #yegcc #yeghatespeople
5223,5223.jpg,5223.txt,positive,Barenaked Ladies are legitimately the forever indie kings of the Toronto music scene. #tiff15 #fmh
3203,3203.jpg,3203.txt,negative,. on economy: balance the budget. Small recession doesnt justify plan for 3 yrs of deficits #cdnpoli #elxn42
14097,14097.jpg,14097.txt,positive,Having fun friends at a Spice Chica Party! ! #thespicechica #party #bbqlife #chimichurri #yyc
9280,9280.jpg,9280.txt,positive,RT if you truly are a 5SOSFAM #ShesKindaHotVMA
12428,12428.jpg,12428.txt,positive,Hamilton says thank you to the great Ang Mosca as retire #68! #HamOnt
3660,3660.jpg,3660.txt,positive,2 mnths countdown to #elxn42 ..We are ready! Are you? come join Team for #RealChange in #WDale #cdnpoli
3661,3661.jpg,3661.txt,positive,Great night out door knocking in Silverado! Very friendly and looking for #RealChange #YYCMidnapore #elxn42
22734,22734.jpg,22734.txt,positive,happy birthday to this beauty??????hope you have a great day! love and miss u??
20148,20148.jpg,20148.txt,negative,Here's a photo of that pursuit of car through fatal crash scene. #ottcity #ottnews #Ottawa
5883,5883.jpg,5883.txt,negative,Thrilled to have been the opening act for this guy #hamilton #bluejays #mlb
14461,14461.jpg,14461.txt,positive,His voice!(& his beard!) Love him most as the professor in THE BISHOP'S WIFE #SummerUnderTheStars #TCMParty
9684,9684.jpg,9684.txt,negative,"#cdnpoli The skinny bear the """"Harper is killing the polar bears"""" crowd is circulating. Not even CDN. #morelies"
10495,10495.jpg,10495.txt,negative,"""""Forest City'? tree root damage at 1 site where #CanadaPost imposed group #mailbox to cut #door2door mail in #LndOnt"
2649,2649.jpg,2649.txt,negative,OUCH! Painful to see #communityhealthcentre as backdrop for . #elxn42
5154,5154.jpg,5154.txt,positive,"I'm all the way at the back, but I'm in a cinema w/ Jonnie To on stage so colour me stoked af. #TIFF15"
15366,15366.jpg,15366.txt,positive,Tiff wasn't the only hot event in the city. Great people and food #Toronto #food #goodeats
3157,3157.jpg,3157.txt,negative,Is #LyingPieceOfShit trending yet? Just asking. . . #PolCan #CDNpoli #CanPoli #Harper #elxn42 #elxn2015
8767,8767.jpg,8767.txt,positive,#ShesKindaHotVMA I really would
14317,14317.jpg,14317.txt,negative,Harvesting #Baby parts against the #law? when will the madness end? #PPSellsBabyParts #tcot
3147,3147.jpg,3147.txt,positive,TOMORROW! #BlackVotesMatter Planning & Strategy Session in #Halifax: #NSpoli #canlab #elxn42
5435,5435.jpg,5435.txt,positive,Ur pano goals #cometogether #shareacokewithjays #bluejays ????
15047,15047.jpg,15047.txt,positive,"This #Hospitality #job might be a great fit for you: Baker - Night - #parttime #Depew, NY"
2884,2884.jpg,2884.txt,negative,Women’s issues debate called off after Mulcair pulls out #CNDpoli #Elxn42
9777,9777.jpg,9777.txt,positive,Team Iqra representing at the rally in Peel Region. #cdnpoli #TeamTrudeau #Mississauga #teamiqra
18300,18300.jpg,18300.txt,negative,This bitch on snapchat is getting bitchy because I posted some of my Concert and this was my response #OTRAMontreal
21135,21135.jpg,21135.txt,negative,When someone's curling the bench bar and its chest day ...
12871,12871.jpg,12871.txt,positive,Evening sun over Cootes Paradise #HamOnt
19253,19253.jpg,19253.txt,negative,Take care if walking or biking in Elliston! Sinkholes! #yycbike #yycwalk
4041,4041.jpg,4041.txt,positive,"We're #hiring! Click to apply: Transport Driver (Tanker Driver) - #Job #PolandSpring, ME"
9400,9400.jpg,9400.txt,negative,Me after listening to #jetblackheart #ShesKindaHotEP #ShesKindaHotVMA #SoundsGoodFeelsGood
16146,16146.jpg,16146.txt,negative,No #pain no #gain! ???? #sunburn from #toronto! #toughmudder #toughmuddertoronto #muddernation #burnt #fun
2625,2625.jpg,2625.txt,negative,Saw this walking about today. Tories be feeling the love in #yyt! #StopHarper #elxn42 #cdnpoli #nlpoli
18729,18729.jpg,18729.txt,positive,thx for capturing the spirit of a sport we love #paddlesupYYC
16846,16846.jpg,16846.txt,positive,Oh yeahhhhhhh!!!! #freedom #firstdayofschool #torontolife #toronto
8782,8782.jpg,8782.txt,negative,THIS IS NOT OKAY #ShesKindaHotVMA
3875,3875.jpg,3875.txt,positive,"Supplemental Health Care #Nursing #Job: Med Surg / Telemetry /... (#Cooperstown, NY)"
15428,15428.jpg,15428.txt,negative,Visiting #Toronto CN Tower
12121,12121.jpg,12121.txt,negative,Here we are #NAIT! #yegtransit
14809,14809.jpg,14809.txt,negative,#Odal #Rune by at #AlbanyModernBodyArt. #TragicEmpire #DowntownAlbany #AlbanyNY
6810,6810.jpg,6810.txt,positive,Thanks for the good times Seattle! We will be back. #breakmusic
15593,15593.jpg,15593.txt,negative,What an eye catching #advert at Queen/Bay! #exhibits #ROM #museums #Pompeii #Toronto
21755,21755.jpg,21755.txt,negative,lies. Just tell
21621,21621.jpg,21621.txt,negative,Wow.. is all I can say.
15975,15975.jpg,15975.txt,positive,We're all setup at #ImportFest with two awesome #Subaru builds in our booth! #CarShow #Toronto #TunerScene
10143,10143.jpg,10143.txt,negative,Of course failed PM Harper uses the refugee crisis to push for more bombs. #neocon #CDNPOLI #elexn42
11577,11577.jpg,11577.txt,negative,is El Busy! #yeg #tequila
8733,8733.jpg,8733.txt,negative,when you just slowly go in for the nut grab.. #ShesKindaHotVMA
21179,21179.jpg,21179.txt,positive,Do you or someone you love use Medical Oxygen? Follow these important safety tips! #safetytip
2683,2683.jpg,2683.txt,negative,Bombing campaigns turn innocents into refugees. Canadians send humanitarian message to . #cdnpoli #elxn42
22547,22547.jpg,22547.txt,negative,What this fool really thinks. #TWiBNation #TWiB #BlackLivesMatter #BLM
18223,18223.jpg,18223.txt,negative,The 18th Century Village Under The Turcot Interchange Will Be Destroyed #montreal #quebec
16501,16501.jpg,16501.txt,negative,From my son:Is there anyone out there in the mist? #thefogtoronto #viewfromthe29thfloor #foggydays #stevenkingthemist
20257,20257.jpg,20257.txt,positive,How beautiful is our capital? #myOttawa #lastdaysofsummer #summerstrolls
20517,20517.jpg,20517.txt,positive,We have some visitors come and see for yourself. #MMCHEO2015 #Ottawa #MyOttawa
12766,12766.jpg,12766.txt,negative,Thanks to whoever it was that felt the need to dump paint all over the windshield of the CBC Hamilton truck. #HamOnt
7539,7539.jpg,7539.txt,negative,The key to #Election2016 victory? find out what folks want and give it to them #gop #tcot #2A
19852,19852.jpg,19852.txt,positive,Tim and I paddle the Shredder on the Ottawa #GoPro #Ottawa #rafting
13476,13476.jpg,13476.txt,negative,Missing #Toronto regularly now that this cityscape by my cousin O lives in my workspace #art
22602,22602.jpg,22602.txt,negative,when he sends u this ??????????
11855,11855.jpg,11855.txt,negative,the way they did in this location #yeg #yegcc #infill not a tree left standing
9301,9301.jpg,9301.txt,positive,Please keep voting #ShesKindaHotVMA
22736,22736.jpg,22736.txt,negative,my phone has no chill
13764,13764.jpg,13764.txt,positive,Happy #StarTrekDay ! 49 Years! (9/8/66 - 9/8/15)
4555,4555.jpg,4555.txt,positive,We're #hiring! Click to apply: IT Business Analyst – European IT Sales... - #IT #Kelloggs
17885,17885.jpg,17885.txt,positive,"#Cafe_On_54th #Calgary_Trail_North #Edmonton Tasty food, Really nice people"
15914,15914.jpg,15914.txt,positive,Before & after - Haircut & beard trim by #textur #leslieville #toronto #bearded #beardedgentlemen
9711,9711.jpg,9711.txt,negative,#cdnpoli #murica #EU #Ukraine is drowning under propaganda - near death #cheaters #lies #politicians
10867,10867.jpg,10867.txt,negative,If abortion is a settled issue in #Canada then why people get upset with images of abortion? #GenerationTrudeau #LPC
18109,18109.jpg,18109.txt,positive,Today ???? #botabota #spasurleau #montreal
22869,22869.jpg,22869.txt,negative,When you get paid tomorrow and you already broke
14562,14562.jpg,14562.txt,positive,New Social Media & Digital Marketing team - Look out for more exciting updates! #RAIM #fintech #startups
7803,7803.jpg,7803.txt,positive,"Here's to all the dogs today! Woof, woof. #NationalDogDay ??"
3089,3089.jpg,3089.txt,negative,"So the flower says, """"I told you I would grow better with bullshit as fertilizer!"""" #cdnpoli #elxn42"
14596,14596.jpg,14596.txt,negative,#PicsArt #sopranopurses in stock
6090,6090.jpg,6090.txt,positive,"See our latest #Buffalo, NY #job and click to apply: Registered Nurse / RN - #Nursing"
21940,21940.jpg,21940.txt,negative,Pls love the skin your in embrace it it took me having a child to learn that this is crazy though
4634,4634.jpg,4634.txt,positive,Dog at the red carpet #TIFF15 #TIFF40 #TIFF24 #dog #RedCarpet
8790,8790.jpg,8790.txt,negative,"DO IT FOR LUKES """"LIL"""" PEEPER #ShesKindaHotVMA"
13314,13314.jpg,13314.txt,negative,"“: Paul #Cezanne died a lonely death on October 22, 1906 after contracting pneumonia. #art"
8675,8675.jpg,8675.txt,negative,#ShesKindaHotVMA LETS FKN PUT THIS SHIT IN ACTION
13573,13573.jpg,13573.txt,negative,Lizzy digs the Z garage and in #Detroit #art #streetart
11756,11756.jpg,11756.txt,negative,Do you like pretty graphs? Look away. #Oil's not recovering like it did last time. :( #yeg
16035,16035.jpg,16035.txt,positive,The Summer Series Bootcamp fueled by Funded by #GetFitInTheSix #Toronto #StanleyPark
4681,4681.jpg,4681.txt,negative,This. #TIFF15
15616,15616.jpg,15616.txt,positive,Come say hi: we're now open at #FrontStreetFoods in front of ! #vegan #gf #Toronto
9775,9775.jpg,9775.txt,negative,In case you STILL need to have it explained #cdnpoli #polqc
16962,16962.jpg,16962.txt,positive,#ROWYSOToronto I'm wearing this to ROWYSO so if you see me say hi ????
20162,20162.jpg,20162.txt,positive,BBQ Steak Skewers with Chipotle Olive Oil and Dark Chocolate Balsamic #Recipes #bbqlife #ottawa
10408,10408.jpg,10408.txt,negative,If abortion is a settled issue in #Canada than why people get upset with images of abortion? #Unifor #CUPE #OECTA
11732,11732.jpg,11732.txt,positive,Shout-out and a HUGE THANK YOU to who has supported #DropZoneYEG for the past 10 years! #YEG #Drop4aCause
22630,22630.jpg,22630.txt,negative,"Rip mrs Forti, one of my biggest inspirations this is such a loss for everyone who knew you"
13802,13802.jpg,13802.txt,negative,Dave Granlund nails the #NRA #GOP #TeaParty #gunviolence insanity...
22833,22833.jpg,22833.txt,negative,"""""I don't care how you feel"""" """"That's too good for you,you don't deserve that"""" """"You're stressing me out"""" #ChildAbuse"
6915,6915.jpg,6915.txt,positive,Fri! Marc & Nic @ Van Gogh's Ear #hblposters #GuelphOnMusic
13501,13501.jpg,13501.txt,positive,"Thank you B.A Consulting Group for the pics! #Corporate #customframing, call 416.463.7263. #framesTO #art #framesTO"
8512,8512.jpg,8512.txt,positive,Happy #NationalDogDay to my babies
18744,18744.jpg,18744.txt,negative,"look at the progress, with final being revealed Sept 25th!!! #Paintinghope in #yyc"
3231,3231.jpg,3231.txt,positive,Proud to stand with #TeamTrudeau colleagues for affordable housing #RealChange #lpc #elxn42
12740,12740.jpg,12740.txt,positive,It's Tuesday! Shake your tail feathers! #HamOnt #photography #birdwatching
5045,5045.jpg,5045.txt,positive,Rachel McAdams is so tardy for the see my knickers red carpet trend.Futile attempt to sex her up by stylist #TIFF15
13653,13653.jpg,13653.txt,negative,R.I.P #HUMANITY #HumanityWashedAshore #heartbroken and in #tears May Allah grant these innocent souls paradise
3185,3185.jpg,3185.txt,positive,Calling on all political parties in these Federal #elxn42 to prioritize student issues #yourunionyourvoice #cfsfcee
7855,7855.jpg,7855.txt,positive,"Tala, the very best dog there ever was or will be. Because it's #NationalDogDay"
22115,22115.jpg,22115.txt,positive,????! Love him??
3341,3341.jpg,3341.txt,negative,Outrageous abuse of power: ‘F*** Harper’ sign results in $543 ticket #elxn42 #cdnpoli
5933,5933.jpg,5933.txt,negative,Let's Go Blue Jays! #TDTuesday #BlueJays
12938,12938.jpg,12938.txt,negative,Construction continues and may cause delays around Eastgate and Mohawk College. #HamOnt #HSR
10112,10112.jpg,10112.txt,positive,'It's Not Climate Change -- It's EVERYTHING Change' #cdnpoli #auspol #climatechange
4541,4541.jpg,4541.txt,positive,"We're #hiring! Click to apply: Registered Nurse IMMEDIATE HIRE - #Nursing #Detroit, MI"
14234,14234.jpg,14234.txt,negative,#mrsbartclass Kim Jon-Un / Scarface ?
12155,12155.jpg,12155.txt,positive,Fall bloom Edmonton #yegfall #sunflowers #compostpower #yegsummer #pumpkin
21028,21028.jpg,21028.txt,positive,#SelfieForNash Nash I love you~ayla??
21387,21387.jpg,21387.txt,positive,Hi my name is kaitlyn and I am addicted to Badlands
22878,22878.jpg,22878.txt,positive,Bitches love brunch feat:
22190,22190.jpg,22190.txt,negative,when bae breaks up with you
8058,8058.jpg,8058.txt,positive,My love bug ???? #NationalDogDay #django
6977,6977.jpg,6977.txt,negative,It's #BIGSPLIFF #fryday #ReggaeMusic all eve long ???? $5 7pm Bring ur Budz ???? #kensingtonmarket #Toronto
18666,18666.jpg,18666.txt,positive,I'm going to carry a banner. Oh and here is a spaceman. #yycpride #yyc
3962,3962.jpg,3962.txt,positive,"We're #hiring! Click to apply: Social Worker II - #SocialSciences #Edmonton, AB #Job"
8205,8205.jpg,8205.txt,positive,"Happy #NationalDogDay !! These aren't our dogs, but we wish they were"
16047,16047.jpg,16047.txt,positive,. Roughly 100 guests + 48 hours = 1 Guinness World Record!!! #longestwebcast #Toronto #Canadiantalent
21128,21128.jpg,21128.txt,negative,Huh? 6am BIG truck arrives. Loud motor. off. Parked. 6:30am On. Turns around ... Beep beep beep Leaves. Huh??
19427,19427.jpg,19427.txt,positive,#winner #yycmoms #yyc #cookielovers makes the BEST sugar cookies
2706,2706.jpg,2706.txt,negative,"DISCLAIMER: THERE ARE NO SECOND CLASS CITIZENS, DURING AN ELECTION CAMPAIGN. OFFER EXPIRES 10/19/15 #cdnpoli #elxn42"
9662,9662.jpg,9662.txt,negative,I'm sure this is how Calum felt when Michael figured out how to text with siri #ShesKindaHotVMA
3558,3558.jpg,3558.txt,negative,This brand fitted you better!!!! Please leave Canada to the real canadians #elxn42 #polcan Please GO :-)
13146,13146.jpg,13146.txt,positive,Welcome back with in the #HamOnt #westfest2015
9781,9781.jpg,9781.txt,negative,"Harper's security detail guarding the Royal Closet. Seriously, unfathomable, this was His security in NB! #cdnpoli"
21852,21852.jpg,21852.txt,positive,100 days till christmas - or is 99?
15421,15421.jpg,15421.txt,negative,Just hopped into bed #pissed #Toronto
16802,16802.jpg,16802.txt,negative,"Who will take home the ? Past winners include: The Wars, Consolation, Lady Oracle #Toronto"
12948,12948.jpg,12948.txt,positive,"""""Seems legit."""" #HamOnt #OnlyinHamilton"
12051,12051.jpg,12051.txt,negative,Walking alone at 11pm was a nerve cracking ?? #yeg
14784,14784.jpg,14784.txt,positive,G0od morning. RT via Illustration Kim Ji-Hyuck ( Hanuol ) #art #painting
22692,22692.jpg,22692.txt,positive,"Very Interesting, Thanks for Sharing. Thumbs Up!"
10216,10216.jpg,10216.txt,positive,Happy Labour Day! Oh Canada! #Ticats #argos #hamont #canada with
10820,10820.jpg,10820.txt,positive,My friend's ultimate tattooed ode to and that game. #Canada
10690,10690.jpg,10690.txt,positive,These guys are just as hot in person... maybe even moreso. Jesse & Gino at Wanuskewin. #AmazingRaceCanada #Crew
12383,12383.jpg,12383.txt,negative,It's West Nile Virus season. Advice from expert on how to stay protected. #HamOnt
2937,2937.jpg,2937.txt,positive,"Key dates to watch for in #elxn42, via : #cdnpoli"
13485,13485.jpg,13485.txt,negative,#VanOpen #mens #tennis #AUS John-Patrick Smith and #RUS Karen Khachanov #quarterfinal match is just underway
8991,8991.jpg,8991.txt,negative,VOTE FOR SASSY LUKE GUYS COME ON #ShesKindaHotVMA
10655,10655.jpg,10655.txt,negative,#OnSet of 2015 #IFCO #DogmeChallenge filmed w #Bolex #Camera by #DenizBerkin. Screening TBA #canada #actor #classic
11129,11129.jpg,11129.txt,positive,Gathering Place. #CanadaGeese #birding #farming #photography #NatureNuts
9994,9994.jpg,9994.txt,negative,Mulcair talks about defeating Bill C51 #TM4PM #cdnpoli
12172,12172.jpg,12172.txt,negative,"""""Nailed it."""" - Guy Whose Job It Is To Create This Asphalt Driveway (...probably) #yeg"
9893,9893.jpg,9893.txt,negative,Western Canada burns so #Harper #Clark double down on #FRACKING &tripling #Tarsands expansion #ClimateChange #cdnpoli
10510,10510.jpg,10510.txt,positive,"Good morning, St. John's, NL. #Canada"
11275,11275.jpg,11275.txt,negative,{} Well if you're gonna park your car in the cart corral then this will happen #YEG
5625,5625.jpg,5625.txt,positive,That's how it's done! #BlueJays score a run without a hit - way to steal those bases ! #baseball #jays
20859,20859.jpg,20859.txt,negative,Don't like this but #SelfieForNash ????
3553,3553.jpg,3553.txt,negative,"1.9 billion dollar surplus.. This based on the money you took from EI, Veterans & Immigration?? #elxn42 #Harperman"
15387,15387.jpg,15387.txt,negative,Me af #ontheroadagaintoronto
3400,3400.jpg,3400.txt,negative,“: . mentioned his $40M number for Adscam. Gomery actually found: Not $40M. #cdnpoli #elxn42
12304,12304.jpg,12304.txt,negative,"EPS Homicide Section staff Sgt. Bill Clark says latest victim Shawn Richard was known to police, dealt drugs. #yeg"
17618,17618.jpg,17618.txt,positive,Get your day started Paleo Fitness Nutrition Style! #glutenfree #vancouver
7226,7226.jpg,7226.txt,negative,retweet bc u should #DragMeDownMusicVideoIsOut #MTVHottest One Direction
9913,9913.jpg,9913.txt,negative,#KinderMorgan never replanted the trees they said they would & scrubbed the promise to from website #bcpoli #cdnpoli
22548,22548.jpg,22548.txt,positive,"""""As you grow older, you realize it becomes less important to have more friends and more important to have real ones"""""
9759,9759.jpg,9759.txt,negative,Sick of hearing say he's courageous to tax CDN wealth creators THIS is COURAGE Justin #cdnpoli #polqc
4448,4448.jpg,4448.txt,positive,We're #hiring! Read about our latest #job opening here: Retail Sales Consultant... -
3081,3081.jpg,3081.txt,negative,#elxn42 Blue parrot made G&M ed. cartoon w/right wing wizard of Oz.
16420,16420.jpg,16420.txt,positive,The beginnings of something sweet!!!?????? #greekbakery #seranobakery #Toronto #bakery #dessert #cakes #cookies #bread
16626,16626.jpg,16626.txt,positive,2015 #Toronto Book Awards finalist: for All the Broken Things by
9585,9585.jpg,9585.txt,positive,Luke is waiting for us too win #ShesKindaHotVMA
9926,9926.jpg,9926.txt,negative,#Fracking involves shooting over 750 #chemicals into #earth. If it sounds like a bad idea It usually is #cdnpoli
21203,21203.jpg,21203.txt,negative,Looks like I'm going alone ????
17154,17154.jpg,17154.txt,negative,Last year's Vancouver Zombie Walk! Damn. I love freaks. #Vancouver #VancouverZombieWalk
14706,14706.jpg,14706.txt,positive,The party begins! #BearBachelorParty #casinolacleamy
17328,17328.jpg,17328.txt,negative,DRiving in #Vancouver yesterday was dangerous yesterday because drivers treated dead lights like green lights!
4309,4309.jpg,4309.txt,positive,"We're #hiring! Read about our latest #job opening here: QA Tester - #Montreal, QC #IT"
9545,9545.jpg,9545.txt,negative,STEP YOUR FUCKING GAME UP #ShesKindaHotVMA
19762,19762.jpg,19762.txt,positive,Bow River Basin Council - Edctionl Forum - Sept 09 #yyc #bowriver
22222,22222.jpg,22222.txt,positive,"You are spreading lLOVE to the world no wonder how Blessed you ere,, #ALDUBMaiDenHeaven"
9590,9590.jpg,9590.txt,negative,when my friends say I'm crazy but I'm really just trying to help win this???? #ShesKindaHotVMA
13875,13875.jpg,13875.txt,negative,#Forest #Tattoo by at #AlbanyModernBodyArt. #Blackwork #BlackBoldSociety #AlbanyNY #DowntownAlbany
15197,15197.jpg,15197.txt,positive,I love this place #LetsGoToTheEx #Toronto2015 #CNE
2993,2993.jpg,2993.txt,negative,"Wiliam Moughrabi, another candidate Conservatives keep hidden? #cdnpoli #elxn42 #cdnpoli"
6516,6516.jpg,6516.txt,positive,A little . Soul to wake things up this morning #boogiemusic
6548,6548.jpg,6548.txt,positive,dropped into 4Rmusicretreat on the way home #music #chilled #cottagelife
12533,12533.jpg,12533.txt,negative,"A juvenile Bald Eagle in flight over Cootes Paradise, Hamilton #HamOnt #Ontario #baldeagle #birds"
10766,10766.jpg,10766.txt,positive,Canada day throw back #Calgary #Canada #Carnival2015
9457,9457.jpg,9457.txt,negative,"I nEed a break, my phone is burning like #ShesKindaHotVMA"
9507,9507.jpg,9507.txt,negative,Let's win this for these losers #ShesKindaHotVMA
14165,14165.jpg,14165.txt,positive,Our class bulletin board is ready! #kindergartenrocks
2908,2908.jpg,2908.txt,negative,If abortion is a settled issue in #Canada than why people get upset with images of abortion? #elxn42 #teamtrudeau
11423,11423.jpg,11423.txt,positive,My new Brass Monkey wearing a fez business card holder. I think this is just about perfect. Beck Antiques 124st #yeg
11865,11865.jpg,11865.txt,positive,come run with me and my boyfriend! OCT 4 #micCares #yeg
3251,3251.jpg,3251.txt,negative,Black votes matter: righting wrongs can start at ballot box: #cdnpoli #elxn42
17871,17871.jpg,17871.txt,positive,Thank you for an amazing night! #Edmonton & #Calgary - you're next!
15954,15954.jpg,15954.txt,positive,Ready for #toronto #YYZ #CityChase #urbanadventure
12241,12241.jpg,12241.txt,negative,10 Things You Need to Know Before Pitching the #Media #YegMarketing #Yeg
11471,11471.jpg,11471.txt,negative,Homicide detectives on scene at suspicious death on 95 St. Road blocked off between 117 Ave. & 118 Ave. #yeg
8347,8347.jpg,8347.txt,positive,Missing my little model dog right now!! #NationalDogDay
20794,20794.jpg,20794.txt,negative,#SelfieForNash ???? not the best pic but doing this just for you
11080,11080.jpg,11080.txt,negative,If abortion is a settled issue in #Canada than why people get upset with images of abortion? #HarperAFolkSong #cbcott
20235,20235.jpg,20235.txt,positive,Great to get a run in before a busy week. This is pretty inspiring! #betterispossible #ottawacentre #lpc
22845,22845.jpg,22845.txt,negative,was a fun time #LOTW
19538,19538.jpg,19538.txt,negative,The cost of a barrel of oil is $42.80. That same barrel of milk would cost $379.21. #yyc #recession
19011,19011.jpg,19011.txt,negative,More madness ??... #yyc
3708,3708.jpg,3708.txt,positive,The word is out: Tom Mulcair will have to make cuts and break promises to eliminate the deficit in 6 mths #elxn42
9922,9922.jpg,9922.txt,negative,"One fact: Harper is No. 1 among PMs for lies, propaganda spending and destroying Canada's intl reputation #cdnpoli"
14740,14740.jpg,14740.txt,positive,Gorgeous #beforeandaftermakeup by Lead #mua Megan from this past Saturday #TeamTLMUA #makeupArtist
19566,19566.jpg,19566.txt,negative,That can't be a background from this week not enough smoke! #yycsmoke #tsn
12102,12102.jpg,12102.txt,positive,Wedding set up at yesterday. #yegwedding #weddingdecor #madeinyeg2015
9518,9518.jpg,9518.txt,positive,RT this if you are NOT luke hemmings #ShesKindaHotVMA
11384,11384.jpg,11384.txt,positive,Blue Sky Miners just took to the stage. We are giving away 2 sets of tix to Sonic Boom. #ontherocksedm #yegevents
7983,7983.jpg,7983.txt,positive,"Hahaha, too cute cheerleader wig for your dog, your most loyal cheerleader! #NationalDogDay"
8194,8194.jpg,8194.txt,positive,#NationalDogDay I miss you everyday ??
11443,11443.jpg,11443.txt,negative,The BigBoot #yegfringe will point you to for an late night cabaret stay up late for Big Kids
13081,13081.jpg,13081.txt,positive,Fresh batch of salted caramel almond cheesecake ?? ?? do we need to say any more? #hamont #vegan
7210,7210.jpg,7210.txt,positive,“: #Beethoven - Complete Symphonies #Furtwängler #Musica #Arte #Cultura
13903,13903.jpg,13903.txt,positive,Rainy #yvr day = opportunity to bust out the #tartan pants! #winwin #glasshalffull
8316,8316.jpg,8316.txt,positive,Happy #NationalDogDay to my best friend ????
22016,22016.jpg,22016.txt,positive,UF freshman left tackle Martez Ivey not ruled out for Gators' opener:
12770,12770.jpg,12770.txt,negative,Does anyone know who this kid is? He was witnessed stealing the trailer !! #HamOnt #OnlyinHamilton #OnlyinHamOnt
17027,17027.jpg,17027.txt,negative,"ShawOpen is the biggest pain in the ass in #Vancouver. Randomly connects, cuts out streaming music. Forget network."
19159,19159.jpg,19159.txt,positive,Bugs are healthier! 12.9 grams of protein per 100 grams of crickets! #socent #yyc
22644,22644.jpg,22644.txt,negative,MFW hearing Queen-Tech n9ne-Bubba Sparxxx-Eminem-Proof-Dragonforce-CCR in that order
12795,12795.jpg,12795.txt,positive,**NEW VIDEO** 2016 photo book #HeartofTurtleIsland #NiagaraEscarpment by #MarkZelinski #HamOnt
14540,14540.jpg,14540.txt,positive,Face by Giuliano Bekor now at Weiss Katz gallery. #art #photography #limitededition
20241,20241.jpg,20241.txt,negative,"Live music, dancing and beers flowing - a great Friday night in #Ottawa!"
8972,8972.jpg,8972.txt,negative,vote for fetus #ShesKindaHotVMA ??
19100,19100.jpg,19100.txt,positive,Out with some interesting looking machines today as the one year anniversary of Snowtember draws near. #yyc
3456,3456.jpg,3456.txt,negative,on drowning death of Syrian toddler off Turkey. #cdnpoli #elxn42
20871,20871.jpg,20871.txt,negative,Only bc I'm feeling fierce?? #SelfieForNash
3971,3971.jpg,3971.txt,positive,"#Nursing #Job in #Buffalo, NY: RN | Registered Nurse |... at Supplemental Health Care"
15375,15375.jpg,15375.txt,negative,Selfies+Texting+Driving=Disaster #Toronto
9560,9560.jpg,9560.txt,negative,YOU GUYS NEED TO STALK THEIR HASHTAG TO KNOW THIS SHIT #ShesKindaHotVMA #5SOSFAMVOTEATTACK
16256,16256.jpg,16256.txt,positive,"#antaplumbing is open all long weekend, 24/7 for all your plumbing needs. #open #LabourDay #toronto"
9257,9257.jpg,9257.txt,negative,Technically I'm in the band #ShesKindaHotVMA .. a little bit bloody but I made it
9955,9955.jpg,9955.txt,negative,If abortion is a settled issue in #Canada than why people get upset with images of abortion? #cdnpoli #UpForDebate
11808,11808.jpg,11808.txt,positive,Average #YEG home sale price so far in August is 376K; July was $373K; August 2014 was $368K #yegre #realestate
5832,5832.jpg,5832.txt,positive,It's been a GREAT day! Now I can eat! #BlueJays #Yankees
17313,17313.jpg,17313.txt,negative,"New blanket's too short, no other alternatives #SolveMyProblemsIn4Words #Vancouver #firstworldproblems #Follow"
2676,2676.jpg,2676.txt,negative,Stop Mulcair! #CdnPoli #elxn42
6469,6469.jpg,6469.txt,positive,Love their stuff. Second time I've seen in Calgary. #yyc #CircleTheWagons #yycmusic #funkhunters
22776,22776.jpg,22776.txt,positive,"And it breakfast, the Sky Dome opens."
19127,19127.jpg,19127.txt,positive,A view from above! All of the amazing #united4yyc peeps out today at Olympic plaza. #yyc
7103,7103.jpg,7103.txt,positive,Today from 2:00-8:00 is the annual Wortley Jazz and Blues Festival!!! #livemusic #ldnont #lovethewort
20878,20878.jpg,20878.txt,negative,Lots of love from the 6ix #SelfieForNash ????
12393,12393.jpg,12393.txt,positive,"American Crow in morning silhouette. Princess Point Park, Hamilton #HamOnt #birds #crows"
21597,21597.jpg,21597.txt,negative,"eesh, so much to fix in terms of scaling before i continue. will proceed in the morning. need to fix those wheels :/"
9887,9887.jpg,9887.txt,negative,"""""Syria today. I'd do anything to get to Europe too."""" - #cdnpoli"
4615,4615.jpg,4615.txt,positive,At the Red Carpet tonight #TheIdol #Assaf #????_???? #??_???_?????? #TIFF15 #Toronto
17360,17360.jpg,17360.txt,negative,Hope noone's hurt. #boatfire #yachtfire #georgiastraight #CNDcoastguard #vancouver
9235,9235.jpg,9235.txt,negative,Me and at 5sos Wednesday #ShesKindaHotVMA
2871,2871.jpg,2871.txt,negative,The Media Party loves reporting on #MrsUniverse's political bent. How about this pro athlete's? #cdnpoli #elxn42
18364,18364.jpg,18364.txt,positive,We've landed in ? #Montreal. Join #RyersonMBA tonight for the Tour.
10985,10985.jpg,10985.txt,negative,"No business here in the central town square, Anytown, BC, IN #StephenHarpersCanada"
9806,9806.jpg,9806.txt,negative,#NewDepressionParty #elexn42 #elexn2015 #cdnpoli one day the truth will be known.
18432,18432.jpg,18432.txt,negative,"Homeless #Inuit abused by #Montreal police, photographer alleges #IdleNoMore #polcan #polmtl"
18567,18567.jpg,18567.txt,positive,Spending as much time as possible on my bike these days #yyc
9004,9004.jpg,9004.txt,positive,RT FOR LUKE #ShesKindaHotVMA
11042,11042.jpg,11042.txt,negative,First world problem. #CanadaPost
18977,18977.jpg,18977.txt,positive,Calgary weed suppression boost under the microscope #yyccc
3730,3730.jpg,3730.txt,negative,"Best yet. ?? RT : #peegate #jerrybance #CpeeC #CDNPOLI #elxn42 Sorry, couldn't resist."
7429,7429.jpg,7429.txt,positive,ICYMI: is having a boy! #CountryMusic news powered by
12702,12702.jpg,12702.txt,positive,Nice building. I used to work there a long time ago. Not sure what they do there nowadays? #HamOnt.
11415,11415.jpg,11415.txt,negative,{} I did this last night no joke. Right before bed ya gotta have a PB&J sandwich #YEG
6328,6328.jpg,6328.txt,negative,When you realize your life is actually over #WhatDoUMean ???????????? #WhatDoUMeanMusicVideo #JustinImProudOfYou
6007,6007.jpg,6007.txt,negative,Studying for this is gonna be torture -.- #nclex #nursingexam
6438,6438.jpg,6438.txt,negative,retweet for liam and his little buddy down there x #DragMeDownMusicVideoIsOut #MTVHottest One Direction
3052,3052.jpg,3052.txt,negative,Harper Controls Every Major Decision of Con Gov But Claims to Have Known NOTHING Abt #Duffy Scandal #elxn42 #cdnpoli
9349,9349.jpg,9349.txt,negative,When you realize will never notice you #ShesKindaHotVMA
7736,7736.jpg,7736.txt,positive,Happy #NationalDogDay !! ????
12859,12859.jpg,12859.txt,negative,No major delays on Hamilton area roads. DayStarter traffic. #HamOnt
10048,10048.jpg,10048.txt,negative,the only thing to fear is #HARPER ITSELF #cdnpoli #climateaction
2571,2571.jpg,2571.txt,negative,. Why is your sign on my lawn? We didn't request this. #elxn42 #yyc
11523,11523.jpg,11523.txt,positive,Motivation Monday: great things never came from comfort zones. Let's go. #MM #LetsGo #xfit #yegcrossfit
22387,22387.jpg,22387.txt,positive,God this city is gorgeous at night
20967,20967.jpg,20967.txt,positive,#SelfieForNash I love you to Pluto and back ??
10930,10930.jpg,10930.txt,positive,??SHAWL WORLD BOUTIQUE?? #Modest #Muslim #Women #Clothing #Store #LdnOnt #Toronto #Canada
19651,19651.jpg,19651.txt,positive,Your one-way tickets to 's #PlanetBooby are ON SALE NOW! #YYZ #YYC #YWG #YOW
16635,16635.jpg,16635.txt,positive,The Vietnamese Lantern Festival takes place inside Dufferin Grove Park this afternoon. #Toronto
20740,20740.jpg,20740.txt,negative,You will never notice me and it makes me sad #SelfieForNash
22626,22626.jpg,22626.txt,negative,NEW MIXTAPE! #DANCEHALL #SOCA #FREEDOWNLOAD #theCHARGEUP
17890,17890.jpg,17890.txt,positive,Sock Horses!!! #calgary #alberta #Edmonton #horses #halifax
3155,3155.jpg,3155.txt,negative,Politicians Lies! Numbers don't! #facts #cdnpoli #elxn42 #vote
7592,7592.jpg,7592.txt,positive,And my work best friend always makes my days a little brighter! #Griffin #NationalDogDay
9144,9144.jpg,9144.txt,positive,RT for when worked at KFC #ShesKindaHotVMA
12482,12482.jpg,12482.txt,positive,And I also loved the #Bubba #pulledpork #hamont #cheese #slaw #foodtruck
8156,8156.jpg,8156.txt,negative,"#HappyNationalDogDay to my baby girl up in heaven, miss you each & everyday ????"
10507,10507.jpg,10507.txt,positive,"Thank you for your time. An Amazing, energy-filled set #montreal #canada"
15864,15864.jpg,15864.txt,positive,Just because I love this picture....#toronto #photography
16838,16838.jpg,16838.txt,positive,Walking on a summer night in #Toronto when I spot an bag from our 20th anniversary #greenwhereyoulive
8390,8390.jpg,8390.txt,positive,"Happy #NationalDogDay to my best buddy, Sebago! #GoldenRetrievers #MansBestFriend"
8464,8464.jpg,8464.txt,positive,That time my best friend was an extra in a horror movie #NationalDogDay #MansBestFriend #MyBestFriend ???? #BuddyTheDog
7565,7565.jpg,7565.txt,negative,As seen in the West Island... #cpc #lies #harper #Election2016
8942,8942.jpg,8942.txt,negative,Someone threw a dildo on stage. That's so nasty #ShesKindaHotVMA
13376,13376.jpg,13376.txt,negative,"Sometimes, I add quotes to my collages. #420 #spliff #smokeweed #bobmarleyquotes #likeaclown #puff #haha #collageart"
22224,22224.jpg,22224.txt,negative,it's 1 AM and I've got you on my mind
11234,11234.jpg,11234.txt,positive,#ignitefestyeg #square Listening to at #ignitefestyeg.
16764,16764.jpg,16764.txt,positive,Everyone go to #MysticMuffins at Richmond&Jarvis. they have more than just #yummy muffins?? #Toronto #affordable #grub
21760,21760.jpg,21760.txt,positive,Do anything to please you
20315,20315.jpg,20315.txt,positive,Had a nice visit today from from the #goredblacks #CFL #ottawasup
18316,18316.jpg,18316.txt,positive,hi Paul do you remember this pic on #Montreal ?? Look the smile on the face of
16556,16556.jpg,16556.txt,negative,ProArteDanza coming soon #TorontoDance #DanceTO
4712,4712.jpg,4712.txt,positive,Will the French filmmaker Mariette Monpierre convince the producers at the Big Pitch #TIFF15 ?
22374,22374.jpg,22374.txt,positive,Delighted that has been selected to screen in October at the 53rd annual in Austria:
13990,13990.jpg,13990.txt,positive,Just about ready to press go on another #epic #popupchestermere #party. At the cove
20541,20541.jpg,20541.txt,negative,Huge standing ovation for at #RIPMotleyCrue #Ottawa #NotAlicesLastTour
7833,7833.jpg,7833.txt,negative,Happy National Dog Day! #NationalDogDay We love you Darcy!
5112,5112.jpg,5112.txt,negative,WINTER ON FIRE: UKRAINE'S FIGHT FOR FREEDOM director in a #FreeSenzov shirt at his #TIFF15 premiere.
7679,7679.jpg,7679.txt,positive,Visit your local #HumaneSociety & #AdoptADog this week! #NationalDogDay
14388,14388.jpg,14388.txt,negative,did you know there is a new #roach(2015) tartan? #tartan #kilt
19422,19422.jpg,19422.txt,negative,"Dear Smoke, you can leave anytime now! #airpollution #yyc"
7839,7839.jpg,7839.txt,positive,#NationalDogDay love her so much
15666,15666.jpg,15666.txt,positive,Happy Weekend Toronto! See you for brunch ?? ?? ?? #portlandvariety #toronto #kingwest
20735,20735.jpg,20735.txt,positive,#SelfieForNash ???? not the best pic but doing this just for you
4992,4992.jpg,4992.txt,negative,"#TIFF15 all I will be doing is going to work, watching movies, sleep and repeat! ?? #TIFF40"
16883,16883.jpg,16883.txt,positive,Having fun and the #5sos concert #ROWYSOToronto
16483,16483.jpg,16483.txt,negative,add me on Snapchat! username: bobby.barbie #BobbyBarbie #gaytoronto #torontogay #gaysocialmedia
22334,22334.jpg,22334.txt,negative,Security & the economy | Kory Teneycke tells Carol Stephen Harper is the candidate to trust:
19571,19571.jpg,19571.txt,positive,Norbert Lange maxin' and relaxin' after race 2 #paddlesupyyc
18723,18723.jpg,18723.txt,positive,We had a blast at Agencies In The Outfield this past weekend. Thank you for having us! #AOFYYC GetSh#tDone
21183,21183.jpg,21183.txt,negative,"I'll gladly wrangle a King Cobra or a Taipan, but these things scare the hell out of me?"
10799,10799.jpg,10799.txt,negative,ROOFTOP ACCESS #TORONTO #CANADA
10965,10965.jpg,10965.txt,negative,Back to the dorks who hadn't a lot to say about Canada! 5SOS WHATS GOOD?#CANADAMATTERS5SOS #thenewbrokenscene
10318,10318.jpg,10318.txt,negative,RT IF YOU'RE FROM BRITISH COLUMBIA #CANADAMATTERS5SOS
5785,5785.jpg,5785.txt,positive,#BlueJays playoff ticket schedule dates. #Playoffs #ComeTogether
2923,2923.jpg,2923.txt,negative,IF I ONLY HAD A FAIR AND DEMOCRATIC ELECTION SYSTEM :( #elxn42 #elxn2015
18106,18106.jpg,18106.txt,positive,254/365 - Double Bubble #Photography #StreetPhotography #Montreal
14173,14173.jpg,14173.txt,negative,5SOS please notice us we are always left out #CaribbeanNeeds5SOS #5SOStoMartinique 155
2753,2753.jpg,2753.txt,negative,If abortion is a settled issue in #Canada than why people get upset with images of abortion? #elxn42 #CPC #PMSH #CBC
18882,18882.jpg,18882.txt,negative,"Uh oh, blinky red lights = no good!!! #yyc #fridgylife #keepingthingscool"
18907,18907.jpg,18907.txt,negative,"Round 4, getting hopped up on #crickets is #awesome! #socent #yyc"
18235,18235.jpg,18235.txt,negative,Good Night #Montreal! Another weekend gone too soon... #RIPweekend
9862,9862.jpg,9862.txt,negative,Can't win somebody make this an election issue #gaspains #cdnpoli
22828,22828.jpg,22828.txt,negative,NO ONE EXPECTED FAHMY TO BE IMPRISONED. IT IS UP TO EGYPT AND CANADA TO DEPORT HIM NOW
7894,7894.jpg,7894.txt,positive,#NationalDogDay #katrinareunion Canadian dog behaviour expert heading back down
15637,15637.jpg,15637.txt,positive,10 DAYS UNTIL I SEE FROM THE 4th ROW!!???? #MirandaSingsToronto
9306,9306.jpg,9306.txt,negative,Listening to all this new like.. #ShesKindaHotEP #ShesKindaHotVMA
12160,12160.jpg,12160.txt,negative,Call us at 780-887-2798 or 780-966-0591 if you see her. Red collar. Lion shave (due to severe matting). #LOSTDOG #YEG
7173,7173.jpg,7173.txt,positive,"Checking out the #exhibit, """"Up Where We Belong"""". This unique exhibit highlights #Native contemporary #musicians."
10079,10079.jpg,10079.txt,negative,#NoTPP corporations are destroying the world fast enough as it is #multinational #ecocide #cdnpoli #gmo #BigPharma
8786,8786.jpg,8786.txt,negative,LETS GO BALLS TO THE WALLS HERE GUYS #ShesKindaHotVMA
7488,7488.jpg,7488.txt,positive,Want hot music downloads on #eatingndastreets #Hiphop #music #dope
18828,18828.jpg,18828.txt,positive,CKE Skate Spot opening Saturday Sep 20! #calgaryskateboarding #yyc #yyccc #skatepark #Calgary #cke
2696,2696.jpg,2696.txt,negative,"Quick, bring on a diversion. #cdnpoli #elxn42"
20810,20810.jpg,20810.txt,negative,"I look like shit, but whatever #SelfieForNash"
20607,20607.jpg,20607.txt,positive,#FB: We're set to go at McMahon Stadium in #Calgary. You can watch at #GoBirdsGo
21176,21176.jpg,21176.txt,positive,Shes a bit chilly this mornin boys n girls
19545,19545.jpg,19545.txt,negative,Fire in Ranchlands NW this evening. #yycfire Photo by:
4284,4284.jpg,4284.txt,positive,"Can you recommend anyone for this #job? SAP BASIS Consultant - #Regina, SK #IT #Hiring"
7645,7645.jpg,7645.txt,negative,. activity Holocaust survivor Roman Kent remembers his dog Lala #NationalDogDay
5422,5422.jpg,5422.txt,positive,At our first game ever from #yyc #ComeTogether #bluejays
9877,9877.jpg,9877.txt,negative,"We know where the #PMShitHead allegiance lies, bet he would jump if #Bibi called. #cdnpoli"
18229,18229.jpg,18229.txt,positive,#Montreal #mtl with Mme last May at Maison India #NDG
12745,12745.jpg,12745.txt,negative,"RIP, old Mex-I-Can building. #HamOnt"
13621,13621.jpg,13621.txt,negative,On #seastreak to #marthasvineyard -- Google maps makes it look like I'm escaping the apocalypse.
20334,20334.jpg,20334.txt,positive,Elderberries are back! #Ottawa picked a lot of these clusters. #Elderberry syrup will be ready soon!!
8448,8448.jpg,8448.txt,positive,happy #NationalDogDay to the bestest cutest baby in the world !!! i kno u wont see this but i lovooove u so muchh????
22469,22469.jpg,22469.txt,positive,"My morning commute for County Commissioners, Mayors and Decision Makers Day today ."
19582,19582.jpg,19582.txt,positive,spreadn' his good words in Calgary. #yyc
22073,22073.jpg,22073.txt,positive,MY DANCE TEACHER...NXG Company 1st Place Upper | FRONTROW | World of Dance Los Angeles 2015
22200,22200.jpg,22200.txt,negative,"I may not have his jersey, but I Do have his signature!!!!! is starting!!!!! #TeamEJ #EJMafia #EJAllTheWay"
19136,19136.jpg,19136.txt,positive,here are a few tip on #how #to #get #to #banff #alberta #from #calgary #airport #yyc
19334,19334.jpg,19334.txt,negative,Drinkin' beer and doin' good. #yyc #giveback #100MenYYC
21517,21517.jpg,21517.txt,negative,Help and I find our dad.
3365,3365.jpg,3365.txt,negative,Get it ? #cdnpoli #polqc #elxn42
6628,6628.jpg,6628.txt,negative,"The Dawdle #musicvideo by & filmed in Vanier, screens tonight @ TheVanierIndieFest #ottawa"
8579,8579.jpg,8579.txt,negative,My spotify queue knows what's up #BADLANDS #JetBlackHeart #HeyViolet #5SOS #ShesKindaHotVMA
17347,17347.jpg,17347.txt,positive,Floor seats! I'm so lucky! #UnbreakableVancouver
10132,10132.jpg,10132.txt,negative,#leftards need to take a better look at their leaders. #cdnpoli
3006,3006.jpg,3006.txt,negative,"Harper thinking: """"Hmm. Duffy, refugees, PeeGate, recession ..."""" Harper talking: """"Look ! There's a terrorist! #elxn42"
4571,4571.jpg,4571.txt,positive,"AHS #Nursing #Job: Nursing Attendant (Ed Allow) (#Edmonton, AB) #Jobs #Hiring"
11490,11490.jpg,11490.txt,negative,total obstruction of the sidewalk at 124st and 102av. #yeghatespeople
14850,14850.jpg,14850.txt,positive,Great #startup event representing
8775,8775.jpg,8775.txt,negative,Luke when he sees people not voting #ShesKindaHotVMA
18280,18280.jpg,18280.txt,positive,Thank you for rocking our colours at #RageLifestyle #Montreal #montrealravers #BeachClub #EDM
10061,10061.jpg,10061.txt,negative,If abortion is a settled issue in #Canada then why people get upset with images of abortion? #cdnpoli #CPC #Harper
21829,21829.jpg,21829.txt,negative,is this what you're all talking about??? there's nothing there omg stop
22191,22191.jpg,22191.txt,negative,"Saw this, can't sleep"
9649,9649.jpg,9649.txt,negative,IT HAPPENED AGAIN WTF #ShesKindaHotVMA
3457,3457.jpg,3457.txt,negative,The Tories should get to replace the #peegate guy. #cdnpoli #polcan #elxn42 #topoli
21814,21814.jpg,21814.txt,negative,Okay. There are reports of zombies in this area... Let's split up
13696,13696.jpg,13696.txt,positive,Nailed it #giffydoesart
3411,3411.jpg,3411.txt,negative,Margo McDiarmid why do you exclude Green Party from news every morning? #Elxn42 #elxn2015
21105,21105.jpg,21105.txt,negative,any good?
16579,16579.jpg,16579.txt,negative,Is this how much cares about #kids ? #emptyshelves #unacceptable is it Boxing Day? #Toronto #Gerrard
14511,14511.jpg,14511.txt,negative,#NationalBurgerDay #ClaesOldenburg Conserving the Floor Burger #food #art
19463,19463.jpg,19463.txt,negative,"If it's smokey here, imagine how scary it at the source #Washington #wildfires #absmoke #Calgary #yyc #cantbreathe"
17137,17137.jpg,17137.txt,positive,"""""A good goal is like a strenuous exercise -it makes you stretch"""" #motivationmonday #motivation #westcoast #Vancouver"
4177,4177.jpg,4177.txt,negative,When crafting cover letters... #overthinking #jobsearch #applications #coverletter #writing #neverending #help
22467,22467.jpg,22467.txt,negative,trying to teach us how to make a bun not impressed on YouNow ??????
14833,14833.jpg,14833.txt,positive,Mermaid magic! #artcamp #acrylic #swim #cute #purplehair #stalbert #4cats
18284,18284.jpg,18284.txt,negative,"Great service during rush hour on #Montreal transit system. """"Stalled train"""" seems to be happening quite often. #stm"
20179,20179.jpg,20179.txt,positive,Good Evening from #Ottawa. Heat Warning is still in effect. One more warm evening is on tap. #ONHeat
22452,22452.jpg,22452.txt,positive,thx for taking me to get cheap slushies ????????
19032,19032.jpg,19032.txt,positive,Tix are going FAST for the local food event of the year! Have yours yet #yyc? #Food4Thought
19326,19326.jpg,19326.txt,negative,. charged with a hate crimes towards Calgary taxi driver #yyc
9638,9638.jpg,9638.txt,negative,Im crying #ShesKindaHotVMA
3180,3180.jpg,3180.txt,negative,"The Harper Years by Statistics Canada, Table 282-0001 #cdnpoli #elxn42"
14323,14323.jpg,14323.txt,positive,#BackToHogwarts is trending and like
9561,9561.jpg,9561.txt,negative,When you're going to somewhere and you put on your Merch but then your plans cancelled #ShesKindaHotVMA
8852,8852.jpg,8852.txt,negative,Why am I so sad today? I hate being insecure ?? But I'll just keep voting to distract me #ShesKindaHotVMA
5614,5614.jpg,5614.txt,positive,Current setup. #StroShow and #Bisons on stream. #BlueJays #RedSox on big screen. #Nats #Mets on PIP. #BaseballHeaven
22411,22411.jpg,22411.txt,negative,You may have heard it's been a little smoky in Calgary... #smokegetsinyoureyes #forestfire
7709,7709.jpg,7709.txt,positive,Love my dog Charlie ??????? #NationalDogDay
11917,11917.jpg,11917.txt,positive,"If you're up bright and early tomorrow #yeg, catch me on making this beauty of a soup. It's a gooder!"
17034,17034.jpg,17034.txt,positive,#BC #cherries make a great snack #Vancouver
8856,8856.jpg,8856.txt,positive,THEY KNOW WHATS GOING DOWN GUYS #ShesKindaHotVMA
3154,3154.jpg,3154.txt,negative,Harper is under fire on #SocialMedia during week 3 of #Elxn42 negative mentions abound.
10050,10050.jpg,10050.txt,negative,"Harper didn't balance budget in 9 years, but gives a free pass of wishes and unicorns. #journalism #cdnpoli"
20165,20165.jpg,20165.txt,positive,Ottawa Craft Beer Fest at Lansdowne! #ottawacraftbeer #ottcity
10102,10102.jpg,10102.txt,negative,When are the parties going to talk about our impending extinction in about 15yrs? #cdnpoli #climatechange
17591,17591.jpg,17591.txt,positive,"Wow , we love #Vancouver as much as you do. Bring us next time? Try our new premium Honeycrisp Cider!"
7795,7795.jpg,7795.txt,positive,Happy #NationalDogDay to my little guy Oliver
6559,6559.jpg,6559.txt,positive,Today's the day! Who's coming? #liveshow #BowlingGreen #ohio #concert #rock #Metal #music
7497,7497.jpg,7497.txt,negative,When you need to sleep but #DragMeDownMusicVideo
8014,8014.jpg,8014.txt,positive,Happy #NationalDogDay
11371,11371.jpg,11371.txt,positive,We are excited to feature Something Beautiful as our #YEG Planner of the Month #weddingdecor
19002,19002.jpg,19002.txt,positive,Looking ominous from Rundle. Rain just started here too. #yyc #yycweather #abstorm
12788,12788.jpg,12788.txt,negative,Found on a construction site in #HamOnt ! #Harper #OnlyinHamOnt #OnlyinHamilton
3907,3907.jpg,3907.txt,positive,"Instructor - AHS: (#Edmonton, AB) #Healthcare #Job #Jobs #Hiring"
17013,17013.jpg,17013.txt,positive,"#UBC #SexualAssaults #rape prevention #PublicEducation #SexConsent: you always need a clear """"YES!"""" #IamUBC #Vancouver"
5870,5870.jpg,5870.txt,negative,Meanwhile in Toronto... #BlueJays #MLB J/K ??
19815,19815.jpg,19815.txt,positive,VULCAIN rippin TARG a new one - awesome!!! #Ottawa CHLOROFORM is next!! #ifitstooloudyouretooold
9373,9373.jpg,9373.txt,negative,I was gone for one day...one. freaking. day. #ShesKindaHotEP #ShesKindaHotVMA
7048,7048.jpg,7048.txt,negative,Want hot music downloads on #eatingndastreets #Hiphop #music #dope
3107,3107.jpg,3107.txt,negative,Who says Harper isn't creating jobs! #elxn42
18019,18019.jpg,18019.txt,positive,"1/4,445. Note the delicate contours. Typical Montreal design. #Taxifacts #montrealfacts #interesting #montreal"
6994,6994.jpg,6994.txt,negative,USE THIS AS YOUR HEADER (-: ! #DragMeDownMusicVideo
21673,21673.jpg,21673.txt,positive,Photo by #fb
8251,8251.jpg,8251.txt,positive,Happy #NationalDogDay! #yegdog #yegpets #doggydaycare
20663,20663.jpg,20663.txt,negative,"This is what commuting to #downtown #calgary looks like these days. Amazing how enthralled we all are,with our phones"
17088,17088.jpg,17088.txt,positive,#OpenHouse today #Cambie listing #Vancouver perfect building corner lot at Ontario and 22nd
10730,10730.jpg,10730.txt,negative,#canada post So it has begun...calgary should file a class action lawsuit like the one in quebec
3003,3003.jpg,3003.txt,negative,"Canada is #1 in Carbon Pollution Globally! Go Harper, GO! #cdnpoli #elxn42 #climatechange"
21901,21901.jpg,21901.txt,negative,I have two fur babies and ALWAYS miss them terribly.
8109,8109.jpg,8109.txt,positive,#NationalDogDay love both my babies so much ????
9030,9030.jpg,9030.txt,negative,#ShesKindaHotVMA When calum sees you not voting
9932,9932.jpg,9932.txt,negative,#Harperman deteste knowledge logic and reason #elexn42 #cdnpoli #despot
22429,22429.jpg,22429.txt,negative,When LPL is delayed....
6905,6905.jpg,6905.txt,positive,"Ready for a #musical experience? Purchase the Fatal Image Single, """"Pimps in the Courthouse"""", and """"PartyTime""""."
11567,11567.jpg,11567.txt,positive,Thanks for the lunch meeting ! Great to connect over great food #cactusclub #yegfood
19256,19256.jpg,19256.txt,negative,#yyctraffic 10th St NW NOW OPEN to NB traffic ONLY btwn Memorial & Kensington. SB lanes remain closed.
15726,15726.jpg,15726.txt,positive,Top 11 #Toronto neighborhoods for renters! #renting #tdot
20849,20849.jpg,20849.txt,positive,#selfiefornash You've helped me get through the rough times Nash. I love you ??????
10038,10038.jpg,10038.txt,negative,"well now you ARE #harperman ,you are one clueless CON,Look into social media sometime... its neat #cdnpoli"
9674,9674.jpg,9674.txt,negative,It's a small issue. But can move this to a museum of racist bullshit? It's a public menace. #cdnpoli
20548,20548.jpg,20548.txt,positive,And my brother in law joined the party #Bombers #CalgaryPrincessPonies
3842,3842.jpg,3842.txt,positive,#BigNews from PMC...we are opening our 2nd location in Genesee County! #FlintIsWorking #MIJobs #MoreJobsInFlint
8692,8692.jpg,8692.txt,negative,When people claim the 5SOSFam is cheating #ShesKindaHotVMA
13715,13715.jpg,13715.txt,negative,5SOS please notice us we are always left out #CaribbeanNeeds5SOS #5SOStoMartinique 150
5030,5030.jpg,5030.txt,positive,"""""My luxury is my freedom."""" Nuri Bilge Ceylan #WinterSleep #TIFF15 #TIFFConference"
17363,17363.jpg,17363.txt,positive,We love #Vancouver
7548,7548.jpg,7548.txt,negative,Any explanation for a curious (and fed up) Ontario resident #cdnpoli #Election2016
3338,3338.jpg,3338.txt,positive,We are going to have a youth council for the campaign in Van Quadra! #NDP #cdnpoli #elxn42
21763,21763.jpg,21763.txt,positive,A nearby resident's nursing this young tree back to health ?? How's that for community spirit? ???? #Cloverdale #BCStorm
7663,7663.jpg,7663.txt,positive,happy #NationalDogDay from the wiener dog that runs faster than I do
22688,22688.jpg,22688.txt,positive,Yes!! (@ Delaware Delicacies Smoke House)
14759,14759.jpg,14759.txt,negative,Legionnaires’ disease outbreak in #Dartmouth confirmed
11719,11719.jpg,11719.txt,positive,They're baaaaaaack! Decadent #chocolate #caramel #cupcakes can be found tonight at ! #yegfood #yeg
8144,8144.jpg,8144.txt,positive,Thanks for taking me where I needed to go. #nationaldogday
18684,18684.jpg,18684.txt,negative,Deadline #poetry chapbooks extended to Oct 31. Submit for a chance to be published! #yyc #poetry #canlit #wordfest
18476,18476.jpg,18476.txt,positive,"Electro dream pop will be #Montreal, Nov. 10 - On sale this Friday"
21987,21987.jpg,21987.txt,negative,These news teams are ruining my life.
7518,7518.jpg,7518.txt,negative,early bus(5B) with conservatives party #fakeconservatives #fake #fakeelections
18511,18511.jpg,18511.txt,positive,What if this was Canada's largest industrial project instead? #NoTarSands #CleanEnergy #GlobeDebate #Vote4Climate
10753,10753.jpg,10753.txt,positive,365 days before the Paralympic Games #GoCanada can't wait to be there
17187,17187.jpg,17187.txt,positive,Flying into #Vancouver yesterday
15723,15723.jpg,15723.txt,positive,Home sweet home #Toronto
14561,14561.jpg,14561.txt,positive,A bonus #pinup of the day.#art #football
21475,21475.jpg,21475.txt,negative,Did never like cameras anyway??
21365,21365.jpg,21365.txt,negative,happy birthday my yute
6448,6448.jpg,6448.txt,positive,performing last night for #FestivalMusicHouse - lover her! #feelingX #AllieX
18606,18606.jpg,18606.txt,negative,Equipment is here!! #mobileglassblowingyyc
14771,14771.jpg,14771.txt,positive,Fresh cut and hard part done by - #hair #hairtoronto #leslieville #textur #hairpart #barberlife #sofresh
15322,15322.jpg,15322.txt,negative,Toronto gardens always include a car!! #hatecars #lovegardens #toronto
13823,13823.jpg,13823.txt,positive,Pantone Smoothies?! YES PLEASE. Fun project by #pantone #design #art #smoothie
7162,7162.jpg,7162.txt,positive,Happening right now! The lovely #Barrie folk duo....PJ & Oli!! #sundaybrunch #lazysundays #barriemusic
6341,6341.jpg,6341.txt,positive,brings his 2015 Burn It Down Tour to the Sept 17th. #Toronto #concert #music
5957,5957.jpg,5957.txt,positive,Sitting a bit closer today. 6-0 so far! #BlueJays
8284,8284.jpg,8284.txt,positive,Happy #NationalDogDay from Hazel!
19281,19281.jpg,19281.txt,positive,#gameday !! Let's go #stampeders ?????? #LabourDayClassic #yyc
14502,14502.jpg,14502.txt,negative,Can you ask #Charter if I got this correct gr8 about him is he forces me back to basics
5553,5553.jpg,5553.txt,positive,my future grand baby Jays fan #baby #love #BlueJays
9897,9897.jpg,9897.txt,negative,as far as Memes go ... LOVE this one #cdnpoli #polqc
5390,5390.jpg,5390.txt,positive,Here's looking at you #BlueJays fans! #ComeTogether. #StylinAndProfilin #Wooooo
9208,9208.jpg,9208.txt,negative,Vote/Retweet for these 3/4 Queens of The New Broken Scene! ???? #ShesKindaHotVMA
6576,6576.jpg,6576.txt,positive,BANDS OVER THE WORLD SEND US the link to your VIDEO-CLIP mtvlosangeles.com #band #contest #rock #music
16197,16197.jpg,16197.txt,positive,"No wonder #toronto is such a liveable city, esp sitting on the #Devon #patio! #GOexplore #MetropolisMag #GottaSeeIt"
19378,19378.jpg,19378.txt,positive,TGIF... Happy Friday #yyc #TGIF
9354,9354.jpg,9354.txt,positive,> RTs COUNT AS VOTES > THERES NO MORE VOTE LIMIT > 12 HOURS LEFT TO VOTE > 1M+ LEAD FROM 2ND PLACE #SHESKINDAHOTVMA
3366,3366.jpg,3366.txt,negative,. Harper HATES absolutely HATES traveling. Except his to arctic hideout #Canada #cdnpoli #elxn42
9431,9431.jpg,9431.txt,negative,Me when I saw how far ahead we are #ShesKindaHotVMA
4112,4112.jpg,4112.txt,positive,Hello invites you to exhibit in our #JobFair #TrainingExpo #Mississauga
5414,5414.jpg,5414.txt,negative,#EdwinEncarnacion #CliffPennington awesome homers boys! 4-0 #Jays! #BlueJays #ComeTogether #22daysBlueJays
8860,8860.jpg,8860.txt,negative,Who pissed in the Harmonizers cereal? I didn't even direct it to anyone! ?? #ShesKindaHotVMA
22198,22198.jpg,22198.txt,negative,So guilty
9502,9502.jpg,9502.txt,negative,When I'm trying to vote but my phones being slow #ShesKindaHotVMA
20948,20948.jpg,20948.txt,positive,I'm ugly but #SelfieForNash ??
7884,7884.jpg,7884.txt,negative,#NationalDogDay and I don't have a dog... Here's a pic of a sunfish I once caught merged w/ a photo of Joey Lawrence
7448,7448.jpg,7448.txt,negative,SOMEONE STAB ME!! IT WOULD HURT LESS!! #DragMeDownMusicVideo #MTVHottest One Direction ??
17405,17405.jpg,17405.txt,negative,I hate that they call eggs Benedict eggs Benny. #Vancouver
4489,4489.jpg,4489.txt,positive,"Want to work in #Toronto, ON? View our latest opening: #IT #Job #Jobs #Hiring"
9934,9934.jpg,9934.txt,positive,Why joining a union could mean a big raise for Canadian workers: #cdnpoli #canlab #1u #unions
4921,4921.jpg,4921.txt,negative,"#TIFF15 Diary, Day 3 : Wim Wenders has cool kicks via"
9340,9340.jpg,9340.txt,negative,What the fuck is this? WHAT THE FUCK IS THIS?! #ShesKindaHotVMA
3634,3634.jpg,3634.txt,negative,OECD reports Canada ranked 39th in 2015 GDP performance. Historic low for this country. #cdnpoli #elxn42
2984,2984.jpg,2984.txt,positive,Stephen Harper said he was at my son's birthday party this year.. I guess photos don't lie. #NotInHalifax #elxn42
17976,17976.jpg,17976.txt,negative,What's with the #Quebec hate? can't deliver? Or Just dislike #Montreal ?
8369,8369.jpg,8369.txt,positive,"Happy #NationalDogDay Sorry Anthony, I can't give you a long walk today"
9200,9200.jpg,9200.txt,negative,That moment when never notices. #sheskindahotvma
17012,17012.jpg,17012.txt,positive,Bounty fresh and colourful from the garden. Fagioli brunch. #urbangarden #EastVan #Vancouver
11609,11609.jpg,11609.txt,positive,11:19 AM #yeg: This is how we live/love on #Septlong. At the family bike ride. #atbsummer
9998,9998.jpg,9998.txt,negative,to #harper pristine lakes are just future garbage dumps #cdnpoli
10395,10395.jpg,10395.txt,positive,Lighthouse Park #westvancouver #vancouver #northshore #canada #bc
10876,10876.jpg,10876.txt,positive,Bradford West Gwillimbury 2015 Ontario Yours Discover #ONTARIO #CANADA
17609,17609.jpg,17609.txt,positive,Airborne #wedding ?? one of my #photoshoot in #gastown #vancouver with random help from tourists/students! #love
19603,19603.jpg,19603.txt,negative,#yyctraffic Distant photo of crash on SB 36th St at 16th Ave NE. Slow from 32nd.
9821,9821.jpg,9821.txt,negative,"#cdnpoli Little Stevie Harpers legacy is not a safer prosperous Canada, his legacy 2 recessions, deficits & conflict"
7338,7338.jpg,7338.txt,positive,Is it Friday Yet! Join Cdn. #CountryMusicWeekLegends Sept.11 7:30 Tickets avail
12607,12607.jpg,12607.txt,negative,"CanPunk legends DOA play Max Aicher North America picket line in #HamOnt. """"You got to know who the enemy is!"""""
9857,9857.jpg,9857.txt,positive,Rally for Refugees in Regina yesterday. #RefugeesWelcome #cdnpoli #refugeecrisis
21515,21515.jpg,21515.txt,positive,"""""Embrace it without prejudice"""" - Benhur Bosco (Producer)"
20894,20894.jpg,20894.txt,positive,#SelfieForNash I'm getting tired of tweeting awkward selfies love me already lol ??
3421,3421.jpg,3421.txt,positive,.'s built a strong team & plan to give all Canadians a real & fair chance to succeed ???? #Elxn42
14102,14102.jpg,14102.txt,positive,Great #exhibit Art Museum #iconsofthenewtextiles Michigan. #textileart At its best! #tapestry #art
18243,18243.jpg,18243.txt,positive,Three treasure boxes to be unveiled soon exclusively at DORO... Stay tuned #luxury #menswear #Montreal
16898,16898.jpg,16898.txt,positive,hi friends! #roadwarriors #tourlife #torontorocks
6039,6039.jpg,6039.txt,positive,"Supplemental Health Care: New York - Registered Nurse - RN -... (#Buffalo, NY) #Nursing"
17060,17060.jpg,17060.txt,positive,Great day for #rescue standby in Metro #vancouver today.
19392,19392.jpg,19392.txt,negative,Goddamnit. #yyc
11116,11116.jpg,11116.txt,positive,Art exibit.#artexo #Vancouver #art #Montreal #interiordesign #canada #interiors #artwork #newyork #LosAngeles
15899,15899.jpg,15899.txt,positive,. Roughly 100 guests + 48 hours = 1 Guinness World Record!!! #longestwebcast #Toronto #Canadiantalent
8507,8507.jpg,8507.txt,negative,#NationalDogDay where's Malibu?
17106,17106.jpg,17106.txt,positive,Moving to this part of the city. #Gastown #vancouver
3566,3566.jpg,3566.txt,negative,People say the economy is hard to understand. This debate's closed captioning isn't helping... #globedebate #elxn42
7896,7896.jpg,7896.txt,positive,#HappyNationalDogDay love me some tilda ??
7852,7852.jpg,7852.txt,positive,"Mother, Daughter portraits. #NationalDogDay #moreValla #husky #dog #doglady #mumyouareembarassingme"
7603,7603.jpg,7603.txt,positive,Happy #NationalDogDay to my Scruffy Puppy!
21638,21638.jpg,21638.txt,negative,Yesterday's droid target practice with during day 4 of
7661,7661.jpg,7661.txt,positive,#HappyNationalDogDay My bestfriends dog is cuter than any other ????
19776,19776.jpg,19776.txt,negative,"In June these guys were caught poaching the oldman river, they're going to court sept 29 #yyc"
18906,18906.jpg,18906.txt,positive,Major energy from the India pavilion! #yyc
13340,13340.jpg,13340.txt,negative,My reaction to 's vocals throughout the song #jetblackheart
20443,20443.jpg,20443.txt,positive,Best pose #cat #dramaqueen #ottawaheat
13887,13887.jpg,13887.txt,negative,Grimace has seen some shit #pixelart #gamedev
13743,13743.jpg,13743.txt,positive,#MSG2PartyDhoom Awesome Creativity Of stage Guruji in #PartyDhoomDhamSe ????????????
12385,12385.jpg,12385.txt,negative,Man robbed at knifepoint near . #HamOnt
2634,2634.jpg,2634.txt,negative,#NDP poach CPC talking POINTS. I call 'copyright infringement'. At least TRY to be original. #elxn42 #cdnpoli #lpc
9384,9384.jpg,9384.txt,negative,When you realize school starts in less than two weeks ?????? #ShesKindaHotVMA
15324,15324.jpg,15324.txt,negative,4 days I'll be bc of #ROWYSOToronto
9505,9505.jpg,9505.txt,negative,how can you not want these boys to win ...... #ShesKindaHotVMA
12022,12022.jpg,12022.txt,negative,Is this something that the city may want to look into? #Eddies #yeg #yegcc
10758,10758.jpg,10758.txt,negative,#AmberAlert RT! SHARE at #Canada #news #abduction #findHailey
9834,9834.jpg,9834.txt,negative,We're not well served by veil of secrecy protecting banks. #cdnpoli
9745,9745.jpg,9745.txt,negative,Regular rules don't apply ? #cdnpoli
3591,3591.jpg,3591.txt,negative,at least 5 ... #elxn42 #polqc
5920,5920.jpg,5920.txt,positive,Way to fight #bluejays
18765,18765.jpg,18765.txt,negative,Disgusting #sharemyair #yyc
15230,15230.jpg,15230.txt,positive,. Roughly 100 guests + 48 hours = 1 Guinness World Record!!! #longestwebcast #Toronto #Canadiantalent
19106,19106.jpg,19106.txt,negative,Poor #Calgary #yyc #abstorm
20865,20865.jpg,20865.txt,negative,#SelfieForNash I love you baby please come to Québec ??
6728,6728.jpg,6728.txt,positive,Here comes a new EP!! My new tunes will be out September 29th! #newmusic
12565,12565.jpg,12565.txt,negative,"Jeep ran a red light causing a truck to t-bone it causing it to flip , ppl in the jeep got out on there own. #HamOnt"
22464,22464.jpg,22464.txt,negative,"That time 's Director of Comms told the Pope to """"go fuck yourself"""" . It feels gross even typing that."
19492,19492.jpg,19492.txt,positive,"Space available still, can't wait for this super fun shoot. #boudoir #photography #YYCboudoir #bratopia"
11798,11798.jpg,11798.txt,positive,#ignitefestyeg inspire to execution another great morning of amazing speakers #yegdt #yeg
11699,11699.jpg,11699.txt,positive,7 Habits That Can Make Your Mind Sharper and Stronger via #YegMarketing #Yeg
16059,16059.jpg,16059.txt,positive,Shopping in Toronto. Today I bought colours! #adidas #original #pharrelwilliams #pharrel #williams #toronto #colours
18602,18602.jpg,18602.txt,positive,Liberal leader in #yyc to make an announcement at the Simmons building in
20860,20860.jpg,20860.txt,positive,#SelfieForNash I ?? YOU SO MUCH
14826,14826.jpg,14826.txt,negative,We lost 3 fire fighters in the wild fires. Pray for their families & the safety of all. #heartbroken
10713,10713.jpg,10713.txt,negative,#CanadaVotes Stephen Harper evangelical beliefs behind hostility towards the #environment
2682,2682.jpg,2682.txt,negative,"PM Harper on Justin, Tom and ISIS #elxn42 #polqc"
21537,21537.jpg,21537.txt,positive,This makes me laugh so hard??????
19955,19955.jpg,19955.txt,positive,Waiting for delicious lunch at #hintonburg #eatlocal #ottawa
21414,21414.jpg,21414.txt,positive,It's a warm day in wallaceburg Ontario
19404,19404.jpg,19404.txt,positive,Love the new menu design at #yycfood
9038,9038.jpg,9038.txt,negative,MICHAELS BLOND AGAIN WTF THIS IS WHAT I WANTED IN OUR PIC U FART #ShesKindaHotVMA
11185,11185.jpg,11185.txt,positive,Touch the sky! #WestCoastTrail #BeautifulBC #ExploreCanada #Camping
8229,8229.jpg,8229.txt,positive,Happy birthday + #NationalDogDay to my baby lola????
8784,8784.jpg,8784.txt,negative,Shirtless Calum ?????? #ShesKindaHotVMA
18291,18291.jpg,18291.txt,negative,Still PCD over #OTRAMontreal
14047,14047.jpg,14047.txt,negative,"The pup is pooped after her first ever Doggie Daycamp, lol!! #PetSmartStory"
21261,21261.jpg,21261.txt,positive,Nothing like when your puppy has her morning nap on your lap
6140,6140.jpg,6140.txt,positive,"#Nursing #Job in #Detroit, MI: RN / ER / OR / ICU / IMC at Supplemental Health Care #Jobs"
22316,22316.jpg,22316.txt,negative,When you find out all your friends are hanging out without you because of their snap chat stories
14463,14463.jpg,14463.txt,positive,#rose #art purple luscious
15263,15263.jpg,15263.txt,negative,Why did I not get into Baseball sooner?! Shameless #BlueJayBandwagoner #Toronto #BeastMode
20254,20254.jpg,20254.txt,positive,Ringing the ears? This is Tinnitus. Tinnitus Consultations are available @ CHS #Ottawa.
13113,13113.jpg,13113.txt,positive,#HamOnt #photography Bleeding Heart # gardening
21292,21292.jpg,21292.txt,negative,Daily fuck you
22697,22697.jpg,22697.txt,positive,#TiCats Angelo Mosca night. Go Cats.
22106,22106.jpg,22106.txt,negative,Wtf. Help.
15697,15697.jpg,15697.txt,positive,For half an inning the were the #TorontoDodgers in #Philadelphia #PhilliesDropTheBall - #jays
17147,17147.jpg,17147.txt,positive,Beautiful #Vancouver
11039,11039.jpg,11039.txt,positive,Hanging out at with the Porsche. #castrolcanada
8260,8260.jpg,8260.txt,positive,Another late #NationalDogDay picture.
12365,12365.jpg,12365.txt,negative,These douchebags think it's okay to photograph women on the dance floor anonymously ! #HamOnt #OnlyinHamOnt
3061,3061.jpg,3061.txt,negative,#VoteYVR makes asking #MetroVancouver candidates questions easy. #elxn42 #cdnpoli #yvr
21585,21585.jpg,21585.txt,negative,. PLS rt shot 2x in head = #murdered #justice4cephus #specialneeds used by LE
15813,15813.jpg,15813.txt,positive,in training #nephew #firefighters #Toronto
11726,11726.jpg,11726.txt,positive,Such a lovely bandshell at - I had never seen it until today... Looks like a great spot for a show #yeg
21749,21749.jpg,21749.txt,negative,One of the friendly local Winnipeg racists reveal his #doublestandard on .
21551,21551.jpg,21551.txt,positive,Launching a new store? 5 Tips to Drive Success #PR
19402,19402.jpg,19402.txt,negative,"hits the key party platforms at #yyccentre debate. No photo, this guy keeps standing in front of me."
2942,2942.jpg,2942.txt,negative,If abortion is a settled issue in #Canada than why people get upset with images of abortion? #cdnpoli #elxn2015 '#CPC
11820,11820.jpg,11820.txt,positive,Come in and get your hump on this afternoon! #xfit #yegcrossfit #happyhumpday
14723,14723.jpg,14723.txt,positive,A8} Only one answer here that works > Thanks for being #winners #CanadianGrown #startupchats #ottawa
21809,21809.jpg,21809.txt,positive,Can I get 1M RT so that can notice me.
15956,15956.jpg,15956.txt,negative,Being fired is one of the best things that can happen to you. Part 9 is up! #totorontowithlove
9360,9360.jpg,9360.txt,positive,drummer cal ???? #ShesKindaHotVMA
12666,12666.jpg,12666.txt,negative,Centre Mall where pedestrians do not have the right of way! #HamOnt #OnlyinHamOnt #OnlyinHamilton
19864,19864.jpg,19864.txt,positive,#The Greek Souvlaki House #Hunt Club West #Ottawa Excellent
9614,9614.jpg,9614.txt,negative,FUCK ME UP LUKE #ShesKindaHotVMA
10777,10777.jpg,10777.txt,negative,RT IF YOU'RE FROM NOVA SCOTIA #CANADAMATTERS5SOS
14351,14351.jpg,14351.txt,positive,"Beautiful. I see hair. :) RT """"Entangled"""" My latest colored pencil! #art"
13061,13061.jpg,13061.txt,negative,Homeless in #HamOnt !! #OnlyinHamilton #OnlyinHamOnt
13224,13224.jpg,13224.txt,positive,#Drawing as a #Contemporary Practice starts this Thurs 2-5PM. #art #AndyFabo #makeyourmark
9040,9040.jpg,9040.txt,positive,Baby boy #ShesKindaHotVMA
17047,17047.jpg,17047.txt,negative,"The gun show in the new loft in #Gastown #Vancouver don't judge, I'm corny like that. #BritishColumbia"
5060,5060.jpg,5060.txt,positive,Great time tonight! #TIFF15 #TheDressmaker
6369,6369.jpg,6369.txt,negative,Want hot music downloads on #eatingndastreets #Hiphop #music #dope
7745,7745.jpg,7745.txt,negative,"This is my love, who has died ...., wherever you are, i wish you well, i love you #NationalDogDay ?"
21236,21236.jpg,21236.txt,negative,Im gonna repost this shit as long as like it.
8739,8739.jpg,8739.txt,negative,When Calum Hood dont want to follow me #ShesKindaHotVMA
20370,20370.jpg,20370.txt,positive,"#OPENHOUSE @ 101 Gatestone Private Sun Sept 13th, 2:00 PM - 4:00 PM, #OttawaRealEstate"
11091,11091.jpg,11091.txt,positive,Learning about the #Canada Food Guide. #heartsmart #amazingagricultureadventure
20916,20916.jpg,20916.txt,negative,#SelfieForNash LOVE YOUUUUU??????????
20642,20642.jpg,20642.txt,positive,#CalgaryPride Parade was a Success ??????????????. I created the banner1yr ago and no one realized I used Nicki face ???? shh
22085,22085.jpg,22085.txt,negative,"Reminder: Dollar Store paste gives you absolutely zero instructions. You get what you pay for Lola, good luck asshole"
7357,7357.jpg,7357.txt,positive,Love a fire that is deliberately set and safely maintained. #livestockmusic #catskills
15175,15175.jpg,15175.txt,positive,Seriously I have to babies now ?? #CarRides #CarShow #EliteAutoWorks
12586,12586.jpg,12586.txt,negative,[REVISED] 2015 Labour Day Parade downtown detours several routes on Monday #HamOnt #HSR
12663,12663.jpg,12663.txt,positive,Thank You #HamOnt hockey fans 4 supporting at our 1st game(exh) at Andreychuk arena!We WON!
14709,14709.jpg,14709.txt,positive,"My style, my way!! #whiteparty #stylechat"
10067,10067.jpg,10067.txt,negative,to #harper pristine lakes are just future garbage dumps #cdnpoli
21578,21578.jpg,21578.txt,positive,I think I’ve worked out where this fashion trend is heading
16199,16199.jpg,16199.txt,positive,Rally in support of feminists at the University of Toronto. #UofT #toronto
8021,8021.jpg,8021.txt,positive,Kismet Says hello #CesarSeeMyDog #NationalDogDay
3337,3337.jpg,3337.txt,positive,Cons & say 80% of Canada's economy is growing. Statistics Canada says not. #cdnpoli #elxn42
17161,17161.jpg,17161.txt,negative,12th Ave West and East bound closed - it's obvious why... #summerstorm #Vancouver
18279,18279.jpg,18279.txt,negative,Darkness of the Langelier Metro Station #mtl #montreal #streetphotography #underground
3355,3355.jpg,3355.txt,negative,Found bunch . candidates well-fed on . horseshit & kept in the dark. Heard yours speak in #elxn42 ?
6549,6549.jpg,6549.txt,positive,This is so cute?? #DragMeDownMusicVideo
3620,3620.jpg,3620.txt,negative,A Warning To The West: A Voice From Egypt | Should read this Happening here #elxn42 #polqc
11177,11177.jpg,11177.txt,negative,If abortion is a settled issue in #Canada than why people get upset with images of abortion? #StopHarper #FuckHarper
13785,13785.jpg,13785.txt,positive,LIFE IN COLOUR!!!!! Waiting all year for this!! #lifeincolour #rave #party
14186,14186.jpg,14186.txt,positive,Day 50 of 90 paintings in 90 Days of Stratford #Art #Parks #toddlerlife
11969,11969.jpg,11969.txt,positive,Anyone in #yeg want to adopt a baby kitten??? Or two??? Msg me!!! #cats #kittens
11172,11172.jpg,11172.txt,negative,Parents who can't read let their kids... #canadaswonderland
14187,14187.jpg,14187.txt,negative,"Boston vs Angels Oil on Plywood panel primitive Baseball painting, #outsiderart exuberant and expressive #found"
14695,14695.jpg,14695.txt,negative,SaveOurCoast- A Visual Reminder by Zipolita #art #reality #oilspill #Vancouver
8880,8880.jpg,8880.txt,negative,Michael w/ blonde hair makes me feel tingly ?? #ShesKindaHotVMA
20866,20866.jpg,20866.txt,positive,#SelfieForNash Hi my name is Maria I was born in Colombia and now live in Canada and I ?? U x33
15298,15298.jpg,15298.txt,negative,Laural: In Her Own Words #Toronto #streetstyle
22161,22161.jpg,22161.txt,negative,This is absolutely disgusting.
5696,5696.jpg,5696.txt,positive,I can't wait to see Friday! #Friends #Baseballfun #BlueJays
8209,8209.jpg,8209.txt,positive,Happy national dog day to my beautiful rat?? #seamoo #NationalDogDay
7648,7648.jpg,7648.txt,positive,Here's my pooch ?! #NationalDogDay
11085,11085.jpg,11085.txt,negative,Downtown Niagara #urbandecay #vscocam #canada #ExploreEverything #shotbythekid
7559,7559.jpg,7559.txt,positive,#CBCNews #Election2015 Bandits wear face scarfs to conceal their identity!
12033,12033.jpg,12033.txt,positive,"Breakfast with Oma #yegfood (@ Blue Plate Diner in Edmonton, Canada)"
12706,12706.jpg,12706.txt,negative,Nations Foods fined after worker injures hand in meat grinder. #HamOnt
9399,9399.jpg,9399.txt,negative,"""""We're all mad here"""" ?? """"We're all idiots here"""" #ShesKindaHotVMA #idiot"
7223,7223.jpg,7223.txt,positive,IM STILL KINDA SAD HARRYS LAUGH WASNT THERE AW #DragMeDownMusicVideo
8446,8446.jpg,8446.txt,positive,Happy #NationalDogDay to these rascals
9198,9198.jpg,9198.txt,negative,"When 5SOS announced the new album, but you gots no money #ShesKindaHotVMA"
21992,21992.jpg,21992.txt,negative,Shoutout to the team group chat ??
2557,2557.jpg,2557.txt,negative,Harper calls on Vets for support Staff doesn't read the whole email #cdnpoli #elxn42
21990,21990.jpg,21990.txt,positive,If you wanna catch a buzz and ride it til the mornin'...Let's get two plastic cups and baby I'll get to pourin'??
21879,21879.jpg,21879.txt,negative,"At some point negative people will finally get it, but hopefully it's before their life has passed them by! ?"
5889,5889.jpg,5889.txt,positive,The #kicked #ass today #Go #BlueJays :)
6612,6612.jpg,6612.txt,positive,Want hot music downloads on #eatingndastreets #Hiphop #music #dope
19452,19452.jpg,19452.txt,positive,Course 1 was a lovely seasonal caprese with perfect acidity #yyceats #delicious
3158,3158.jpg,3158.txt,positive,Typical CPC: RT : Look at the #elxn42 lies is sending out //
17578,17578.jpg,17578.txt,positive,"""""More than 40% of #Vancouver #house #owners #rent out parts of their homes: survey"""""
9694,9694.jpg,9694.txt,positive,"The next Prime Minister of Canada, with #kitcen #NDP candidate #cdnpoli"
8532,8532.jpg,8532.txt,negative,#ShesKindaHotVMA ya 5 es oh es is my favourite band
6722,6722.jpg,6722.txt,positive,#NewMusic from coming up this hour!!! #HotlineBling -
9016,9016.jpg,9016.txt,negative,Luke when he see you aren't voting #ShesKindaHotVMA
8709,8709.jpg,8709.txt,negative,Aussie Rap never dies #ShesKindaHotVMA
12309,12309.jpg,12309.txt,positive,what a game. well done rookies 6-3 #draisaitlnumberone #mcdavidnumbertwo #yeg
20431,20431.jpg,20431.txt,negative,I am looking for a buyer on 183 Glynn Av #Ottawa #ON #realestate
17453,17453.jpg,17453.txt,negative,Still no #power in #EastVan #Vancouver in the #dark by the #fireplace working overtime in rain wind
10145,10145.jpg,10145.txt,negative,HELP US! AN ALIEN WHO FEEDS ON TARSANDS HAS TAKEN OVER #CANADA & WONT RELINQUISH POWER TIL HE'S DESTOYED IT! #cdnpoli
6730,6730.jpg,6730.txt,negative,"""""Lady"""" Just sharing LOVE an A #Music #Cover from my #Garage to you."
21430,21430.jpg,21430.txt,positive,"September in the Park 9/9/15 In Downtown Albany, New York w/ Sarah Bogran and her band in"
8195,8195.jpg,8195.txt,positive,My pup Amy! #NationalDogDay
20351,20351.jpg,20351.txt,positive,Woo hoo!! Another spectacular show for in #MyOttawa tonight! #DailyPhoto #Fireworks
13872,13872.jpg,13872.txt,negative,Impact damages When the camera strap comes undone crashing on concrete #feelingheartbroken. #canonsx50
6875,6875.jpg,6875.txt,positive,When you're best friend goals???? #highschoolmusical
6383,6383.jpg,6383.txt,positive,"And finally, we added the latest single from called #SmokeBreak! #newadd #NewMusicMonday"
21212,21212.jpg,21212.txt,negative,Just trying to figure out why I was nervous for 8th grade? ????
11835,11835.jpg,11835.txt,positive,4L of the precious Clase Azul Reposado #yegtequila #claseazul
3306,3306.jpg,3306.txt,negative,"Harper’s new spokesperson is kind of endearing, I suppose. #cdnpoli #StopHarper #elxn42 #CPC"
7229,7229.jpg,7229.txt,negative,Want hot music downloads on #eatingndastreets #Hiphop #music #dope
15071,15071.jpg,15071.txt,positive,Toshi fumi Hogi is named D&V’s Japanese Export Market Director-Welcome to the team Toshi! #japan #export #automotive
12690,12690.jpg,12690.txt,negative,#HamOnt is a tough town. Don't pay taxes? We cut off your water ;)
13677,13677.jpg,13677.txt,positive,"I wish I was, I wish I was beside you ?? #5sosfanart #AshtonWeLoveYou #ImIntoDrummers"
20503,20503.jpg,20503.txt,positive,got a show today !!! #otraottawa
19450,19450.jpg,19450.txt,negative,#yyctraffic Many stations already up to 106.9 so #FillUpWhileTheFillingsGood
14835,14835.jpg,14835.txt,positive,"Kicking off our launch party with wine punch, served by ! Come #PoppyBarleyParty with us!"
19785,19785.jpg,19785.txt,negative,"dragon boat co-captain James Williamson with his awesome mom, Paula. #paddlesupyyc"
3625,3625.jpg,3625.txt,positive,. jokes about calling b/c he didn't ask leaders q's about #FirstNations. #elxn42
13048,13048.jpg,13048.txt,negative,UPDATE: King St. entrance to #JacksonSquare & nearby bus stop still cordoned off #sc #HamOnt
10540,10540.jpg,10540.txt,negative,"On Sunday September 6, join us in saying, #NoToPakArmyInCanada. We don't want to have War Criminals on Canadian soil"
10801,10801.jpg,10801.txt,positive,Need more #workstations? We sell furniture to new & existing clients in #Canada and the #USA. Call 1-855-767-8118
16744,16744.jpg,16744.txt,negative,"Mark James Towell,36 arrested #SexAssault More victims asked to contact Detective Dan Luff 416-808-7474 #Toronto ^sm"
3519,3519.jpg,3519.txt,positive,. let's every know will be here shortly! #yeg #elxn42 #abpoli
9549,9549.jpg,9549.txt,negative,"If this doesn't make you vote i don't know what will, #ShesKindaHotVMA"
9324,9324.jpg,9324.txt,negative,"""""my girlfriends bitching cause I always sleep in"""" #ShesKindaHotVMA"
17345,17345.jpg,17345.txt,positive,The perfect #dress for #Fall on GirlinBetsey #Vancouver
14653,14653.jpg,14653.txt,positive,It's a LEGO Party! #Lego #fouryearsold #legoparty
18868,18868.jpg,18868.txt,positive,"In support of #yycPride2015, we introduce our Pride Cocktail avail. until the end of the wknd in The Oak Room! ??"
9923,9923.jpg,9923.txt,negative,That's rich coming from you. How much do you owe for illegal expenses? Have a nice night. #cdnpoli
15694,15694.jpg,15694.txt,positive,Horchata is a very refreshing drink! Rice and cinnamon #Mexicanfood #toronto
3248,3248.jpg,3248.txt,negative,If abortion is a settled issue in #Canada then why people get upset with images of abortion? #elxn42 #NDP #NDP2015
18694,18694.jpg,18694.txt,positive,Please watch for marching down 8th Ave SW from Mewata to City Hall around 11am. #yyc
5536,5536.jpg,5536.txt,negative,"Why is Loop back on this team? Why is Loop in the game? Oh, bye Loop. Broken Loop #bluejays"
3537,3537.jpg,3537.txt,negative,Harper rules out military coup #Canada #cdnpoli #elxn42
12156,12156.jpg,12156.txt,positive,Love this girl. ?? Celebrating. #yeg #nightlife #friends #birthdaygirl #CountryGirlInTheBigCity #edmonton
17520,17520.jpg,17520.txt,negative,#itokeinpublic #Vancouver keep vapour lounges open! #marijuana #protest
9740,9740.jpg,9740.txt,negative,#StopHarper signs all over Vancouver. #elexn42 #cdnpoli #yvr #bcpoli
11734,11734.jpg,11734.txt,positive,Had an awesome time on today! #yegfringe2015 #acappella ??????
3632,3632.jpg,3632.txt,negative,This is what the Grande Prairie—Mackenzie NDP riding association thinks about Albertans. #cdnpoli #elxn42
10346,10346.jpg,10346.txt,negative,If abortion is a settled issue in #Canada then why people get upset with images of abortion? #SyrianChild #Mulcair
22123,22123.jpg,22123.txt,negative,When girls keep flirting with bae
8540,8540.jpg,8540.txt,negative,FUCK MY COUSIN STARTED TOUCHING MY PHONE WHILE I WAS TWEETING AND I USED THR WRONG HASHTAG #ShesKindaHotVMA
12930,12930.jpg,12930.txt,negative,At the scene of the small plane crash near the Stoney Creek airport. Mac #HamOnt
18669,18669.jpg,18669.txt,positive,“: Caipirinhas!” #winner Let's arrange gift card pickup or a reservation! #yyc #local #contest
2964,2964.jpg,2964.txt,negative,". If what you've done so far for Syria is the best you can do, your best won't do. #cdnpoli #elxn42"
6697,6697.jpg,6697.txt,negative,#DragMeDownMusicVideoIsOut THIS SONG IS ABOUT NOTHING DRAGGING THEM DOWN NOT BREAKING THIS RECORD WILL DRAG THEM DOWN
12645,12645.jpg,12645.txt,positive,#SuperFanBrayden with #Ticats Coach Kent Austin and QB earlier today #HamOnt
3701,3701.jpg,3701.txt,negative,If abortion is a settled issue in #Canada than why people get upset with images of abortion? #RealChange #elxn42 #LPC
16720,16720.jpg,16720.txt,negative,A happy Lena finds the #bbtm sign. #toronto #xofam
7680,7680.jpg,7680.txt,positive,#NationalDogDay Did happy NOBLE think this was a new game as they led him into #NYCACC #EuthRoom? #StopTheKillingACC
16739,16739.jpg,16739.txt,positive,1939 Chevrolet Master Deluxe at 94th Warriors' Day Parade in #toronto #ww2 #HISTORY
9203,9203.jpg,9203.txt,negative,Is so frickin nice I love them so so so much ?????????????? #ShesKindaHotVMA
13452,13452.jpg,13452.txt,positive,Fall issue of Designlines just arrived. Get it while the gettin's good! #illustration #design #art #Toronto
9894,9894.jpg,9894.txt,positive,I will vote in 2015 because we need our Vancouver Coast Guard back! #IWillVote2015 #Uniforcc #cdnpoli
21821,21821.jpg,21821.txt,positive,2016 Ohio HS Football Senior Positional Rankings: Linebackers
12478,12478.jpg,12478.txt,positive,"Victoria donating $2,500 to #HamOnt's Canada Post appeal #sc"
20718,20718.jpg,20718.txt,positive,"What do you call a group of #unitedwaycalgary volunteers, agencies, organizations."
8220,8220.jpg,8220.txt,negative,Happy #NationalDogDay to my poor Helen Keller of a pup ????????
7428,7428.jpg,7428.txt,positive,"85 Krug, hollow body guitars, and tube amps. #badmusicforbadpeople #yycwine #yycmusic"
17113,17113.jpg,17113.txt,positive,It's been a while since these babies have seen 6:00am #RunVan #marathon #Vancouver
11193,11193.jpg,11193.txt,positive,Follow & join us tonight at 7pm ET for #CanadaDryFF! #Contest & #Prizes with a brand we love! ??
11537,11537.jpg,11537.txt,positive,Costco gas at 89.9 #yeg #best price #TGIF
15834,15834.jpg,15834.txt,positive,Yummy alternative #sweets at the Toronto Vegan Food and Drink Festival #vegansoftoronto #torontovegfest #vegans
6650,6650.jpg,6650.txt,positive,"Otis, YAI's very own rockstar, attended Metal Heroes Summer Camp, designed to inspire young #musicians."
12370,12370.jpg,12370.txt,negative,17 alligators catch a flight out of Pearson airport Friday #HamOnt #sc
22074,22074.jpg,22074.txt,positive,Representing at the #StoweStoryLabs! #indiefilm #screenwriting #rewriting #femaledirectors #nywift
3539,3539.jpg,3539.txt,negative,"I hope, after Oct. 19, a documentary will be made on this. In the background, rapping Beatles lyrics. Lol! #elxn42"
13441,13441.jpg,13441.txt,positive,Morning by the Pond. Watercolor & a touch of pen #art #artist #illustration #fairies #fairy #salamander #watercolors
16273,16273.jpg,16273.txt,positive,& The Sensational Space Shifters will be rocking the stage of the Sept 15th. #Toronto
21945,21945.jpg,21945.txt,negative,Messed up RT: People celebrating the end of their relationship with divorce selfies:
22077,22077.jpg,22077.txt,negative,*comes online* *sees Sabrina and ivan fighting*
19174,19174.jpg,19174.txt,positive,Thank you for the latte. #MakeYYC #Ideas #Science
10929,10929.jpg,10929.txt,positive,??Beautiful in blue!?? starlight spectacular at #canadaswonderland #cwbestday #toronto
3713,3713.jpg,3713.txt,negative,"RT"""": It's time we talked about health care this election via #elxn42"
17725,17725.jpg,17725.txt,positive,#Ready4Change @ #RefugeeWelcome rally in #Vancouver! Open our heart & door to #refugees in need!
18984,18984.jpg,18984.txt,positive,The view from the newsroom before the cloud-smoke thickened and blocked out the sun. #yyc
6248,6248.jpg,6248.txt,positive,Helping Vinyl make a comeback at . #music #vinylrecords
3054,3054.jpg,3054.txt,negative,"Picture of Steven Harper when asked if he respects media, democracy, the courts, and the law. #elxn42"
9101,9101.jpg,9101.txt,negative,vote for Luke hitting puberty hard ???? #ShesKindaHotVMA
20022,20022.jpg,20022.txt,positive,Interesting workshops in September #engineering #uOttawa
15226,15226.jpg,15226.txt,negative,#DeadRaccoonToronto2 request to pick up dead raccoon along Martin Grove put in yesterday.
13175,13175.jpg,13175.txt,positive,". : WW 42.51, -83.05 WW #wxreport #nwsDTX -- Lawn is wet with dew at 8:30am NorthWest #Warren, nice day"
3018,3018.jpg,3018.txt,negative,Harper on Martin RE: Sponsorship Scandal #CdnPoli #elxn42 #elxn2015 #electionenergized #Duffy #DuffyGate
18471,18471.jpg,18471.txt,positive,LOOK AT THE STADIUM HADNS #OTRAMontreal
19777,19777.jpg,19777.txt,negative,That's an entire coffee that leaked into my cup holders. Their cups/lids are ridiculous. #yyc
14237,14237.jpg,14237.txt,negative,Weird start to my day #dembones #artontheavenue #NCW #Wenatchee
9938,9938.jpg,9938.txt,negative,"In Wednesday's #Sun, Maher Arar gets HIS SHOT AT JUSTICE #ottnews #cdnpoli #rcmp"
9868,9868.jpg,9868.txt,negative,If abortion is a settled issue in #Canada then why people get upset with images of abortion? #cdnpoli #RealChange
9254,9254.jpg,9254.txt,positive,I'm gonna post a lot of Ash because I'm Ashton af today oops. #ShesKindaHotVMA
21611,21611.jpg,21611.txt,positive,"this lighthouse is such a nice place for me, my dog Baxter, and pet shark Doby to recover from a head injury in!!! :)"
18453,18453.jpg,18453.txt,positive,243/365 - Seeking Higher Ground #Photography #Blue #Staircase #Montreal
17348,17348.jpg,17348.txt,positive,Beautiful sunset after a stormy day at Vancouver #sunsetbeach #vancouverisawesome #beautifulbritishcolumboa #VanCity
11006,11006.jpg,11006.txt,positive,A nice way to present #politics in #Canada. Great #illustrations & #webdesign
8421,8421.jpg,8421.txt,positive,Blake is so gonna crush this challenge #NationalDogDay
22707,22707.jpg,22707.txt,negative,right
7986,7986.jpg,7986.txt,negative,"""""Is it too late for #NationalDogDay ?"""""
8417,8417.jpg,8417.txt,positive,Meet the dogs of nTrust. Melting hearts thru phone screens by day; greeting us every night. #NationalDogDay
9355,9355.jpg,9355.txt,positive,New broken scene #ShesKindaHotVMA
19165,19165.jpg,19165.txt,negative,#yyctraffic Crash at end of ramp from SB Shaganappi onto WB Crowchild.
10865,10865.jpg,10865.txt,negative,#USCanadawall: Constructing wall would cost billions; keep out hundreds #megaproject #silly
14236,14236.jpg,14236.txt,negative,Forgotten Form Echo #trilobitetuesday #sciart
19381,19381.jpg,19381.txt,negative,Calgary police investigate suspicious death in Cranston #yyccrime
13467,13467.jpg,13467.txt,positive,I'll be this Saturday selling some of my new #art pieces
11220,11220.jpg,11220.txt,negative,"1.5 million #refugees have been taken in by #jordan, pop. of 6 million. #Canada's taken in 2,500. #Vancouver"
20094,20094.jpg,20094.txt,positive,OPA! Proud to be a supporting member of The food and entertainment is amazing #Ottawa #greek #OPA
21559,21559.jpg,21559.txt,negative,"""""Some dads are not YOUR dad"""""
15539,15539.jpg,15539.txt,positive,Had so much fun at Ripley's yesterday ?? #ripleysaquarium #jellyfish #fun #summer #dateday #toronto #withmybaybe ????
16719,16719.jpg,16719.txt,positive,"Although its not #Toronto related, it's so pretty and it's still Ontario ???? #LoveLocks in #Ottawa"
3901,3901.jpg,3901.txt,negative,Will Arnet is Surly #TheNutJob #Squirrel #socialmedia
8833,8833.jpg,8833.txt,negative,#ShesKindaHotVMA OMG THIS IS PATHETIC
8517,8517.jpg,8517.txt,positive,#NationalDogDay My 10yr old German Shepherd. Mama's boy. I ? him so much!!! My man
8631,8631.jpg,8631.txt,negative,Ok true #ShesKindaHotVMA
20907,20907.jpg,20907.txt,positive,#SelfieForNash THERE WE GOOO
20756,20756.jpg,20756.txt,negative,#SelfieForNash When you try your best but you don't succed..(Idk how to write it) :')...
21819,21819.jpg,21819.txt,positive,realize and respect your karma
18413,18413.jpg,18413.txt,negative,HI PADDY ILSHDMSJFM IM DYINGGGGG #OTRAMontreal
5214,5214.jpg,5214.txt,positive,stunning in Well done #Beebababe! Ten best looks from #TIFF15
5015,5015.jpg,5015.txt,positive,"The cast of #TheDanishGirl at #TIFF15. A powerful,phenomenal film. Bravo to Eddie Redmayne, Tom Hooper & the cast."
4964,4964.jpg,4964.txt,positive,Best red carpet style + makeup at the & HFPA party during #tiff15:
14795,14795.jpg,14795.txt,negative,New outdoor gym in Northend #dartmouth got in 50 reps and 18 bedbug bites. #halifax. #doyouevenlift
9318,9318.jpg,9318.txt,negative,Ashton grabbing his butt #ShesKindaHotVMA
9128,9128.jpg,9128.txt,negative,JUST RT!!! STOP WHAT YOU'RE DOING & RT WHOEVER YOU ARE #ShesKindaHotVMA
8565,8565.jpg,8565.txt,negative,This is how 5sos got me feeling lately #ShesKindaHotVMA
5469,5469.jpg,5469.txt,positive,#MMRsquad celebrating hard over the ' 5-1 win! Way to go fellas #BlueJays #worldchamps2015
2815,2815.jpg,2815.txt,negative,Tweets about are serious & rightly so. Thought I'd inject a little humor on the 1st of September! #elxn42
19250,19250.jpg,19250.txt,negative,Until 5 a.m. Tuesday just a single lane gets by on Crowchild Trail at Flanders Ave. Crews demolishing overpass #yyc
2957,2957.jpg,2957.txt,positive,Well said! Register to vote help others register & get to the polls #indigenous #firstnation #elxn2015
16326,16326.jpg,16326.txt,positive,I would love to show you my #listing at #551 - 24 SOUTHPORT ST #Toronto #ON #realestate
14735,14735.jpg,14735.txt,positive,CUPE 79 inside workers going door to door for #NDP #TM4PM #OnlyPartyWithAFuture
3736,3736.jpg,3736.txt,negative,Not so Great moment in Canadian History #elxn42 #Cdnpoli
3391,3391.jpg,3391.txt,negative,#elxn42 #elxn2015 #notfairelectionsact Lifted from
16156,16156.jpg,16156.txt,positive,"The upcoming wedding in 9 days! here is the #prewedding photo in #Toronto , #Dress & #Tuxedo by"
9752,9752.jpg,9752.txt,negative,"' data shows Cdns think struck right tone on #SyrianRefugees, surging as choice PM #CdnPoli"
6376,6376.jpg,6376.txt,positive,Ready for some jazz? We know we are. #wellingtonendmusicfestival #hintonburg
7701,7701.jpg,7701.txt,positive,#NationalDogDay Me and Batman
12729,12729.jpg,12729.txt,negative,Take your shades!! More sun on the way today.. Your #HamOnt #BurlON weather&traffic now
11451,11451.jpg,11451.txt,negative,People stop leaving your dogs in the car! There are 3 crammed in the back of this one. #YEG #yegpets #pets #dogs
8937,8937.jpg,8937.txt,negative,But guys the boys are only 2 1/2 hours from me ?????????? #ShesKindaHotVMA
13609,13609.jpg,13609.txt,positive,#OaklandWSOC starting lineup at St. Bonaventure!! Follow on Live Stats: #WearTheBear
14410,14410.jpg,14410.txt,positive,5:15 can't come soon enough. We're ready to party #yogaparty #yogainthepark
2508,2508.jpg,2508.txt,negative,?? Who is who and does what in the #elxn42 Conservative War Room? #CPC #CDNpoli #CANpoli
14082,14082.jpg,14082.txt,negative,RT #art #fineart #artist Fanny Nushka Moreaux #painting
3321,3321.jpg,3321.txt,negative,If abortion is a settled issue in #Canada then why people get upset with images of abortion? #cdnpoli #elxn42 #CPC
10511,10511.jpg,10511.txt,negative,Here's a tip #Canada you built frustration not brand waiting 5:30 mins for free #wifi #Whitby
13421,13421.jpg,13421.txt,negative,Definitely a hot one in O-Town today...staying inside in A/C enjoying some down time #CrazinessStartsTmrw
21682,21682.jpg,21682.txt,negative,RT BC HIS HAT #ShesKindaHotVM?
17755,17755.jpg,17755.txt,positive,"Sometimes I think... you are too beautiful to be real, #Vancouver #EnglishBay"
15844,15844.jpg,15844.txt,positive,"Oh just 's KAMAMESHI: wild mushrooms, burdock root, yam cake & truffle soy butter.????#RFFtoronto"
9460,9460.jpg,9460.txt,positive,#ShesKindaHotVMA VOTE. DO IT FOR MICHAEL. AND LUKE. AND ASHTON. AND CALUM.
7551,7551.jpg,7551.txt,negative,Why should u vote! #fake #fakeelection #fakeconservatives
20286,20286.jpg,20286.txt,positive,Love my church... It's like a breath of fresh air. Happy 4th Anniversary ! #TLCTurns4 #Ottawa #Blessed
16931,16931.jpg,16931.txt,positive,#Danforth Food Market Pharmacy #L&#39;Amoreaux #Toronto Excellent
7175,7175.jpg,7175.txt,positive,One word. #AMAZING Thank U for an amazing night last night. Your gift of #MUSIC &Dance.. #inspirational
14517,14517.jpg,14517.txt,negative,Who wants to grow up and become a pothole artist?! #infrastructure #publicart #tacticalurbanism
18978,18978.jpg,18978.txt,positive,Our pick for lunch today! #yycfoodies #IAMDOWNTOWN #rainyday #comfortfood
3460,3460.jpg,3460.txt,negative,"Harper CPC's Touching Concern Abt Refugees in Riding Mailer, Prior 3-Yr Old Syrian Refugee Drowning #cdnpoli #elxn42"
8059,8059.jpg,8059.txt,positive,Thanks for these adorable frames of Foxy & I #NationalDogDay
20381,20381.jpg,20381.txt,positive,"Listening to AC/DC from 1785 Riverside. Shoot to Thrill! """"Let's do this #OTTAWA STYLE!"""""
13333,13333.jpg,13333.txt,negative,FTWD's most nail-biting episode so far #FearTheWalkingDead #TheDog
9824,9824.jpg,9824.txt,negative,Gotta to spend more on ads than the food itself to make people eat that shit #McDonalds #poison #GMO #cdnpoli
21896,21896.jpg,21896.txt,negative,fix the doors
13997,13997.jpg,13997.txt,positive,Here's this for your eyes. :) RT via Illustration Kim Ji-Hyuck ( Hanuol ) #art #painting
10141,10141.jpg,10141.txt,negative,Same union that said this? #cdnpoli #polqc
15786,15786.jpg,15786.txt,positive,Perfect way to conquer #HumpDay. #Toronto #Food #coffee #Flowers
13416,13416.jpg,13416.txt,positive,4 days-->a whole 90 minutes of epic! #FearTheWalkingDead
10433,10433.jpg,10433.txt,negative,Super long line up at #YYZ passengers worried about missing their flights. #help us #Toronto #Canada
19051,19051.jpg,19051.txt,negative,"Anyone recognise this guy? Dog attack in #EdworthyPark on Sunday, gave fake name/info. #yyc #yycpets #coward"
2711,2711.jpg,2711.txt,positive,"""""Better is always possible."""" - Justin Trudeau. On Oct 19, help us create a Better Canada! #elxn42"
5659,5659.jpg,5659.txt,positive,yo congrats on making the big leagues man I had no idea #LETSGOBLUEJAYS
10534,10534.jpg,10534.txt,negative,Last nights #mombachomoment. ?? #HumidorCigarCo #summer2015 #cigars #sotl #Woodbridge #Canada
20751,20751.jpg,20751.txt,positive,#SelfieForNash is at number two let's get it to number one. Am I right ladies.
8986,8986.jpg,8986.txt,negative,#ShesKindaHotVMA luke in snap backs is life
17045,17045.jpg,17045.txt,negative,#itokeinpublic keep vapor lounges open #marijuana #Vancouver puffing everywhere #protest unfair refs.
13631,13631.jpg,13631.txt,negative,“: #DonneInArte #ArtLovers C.Watelet
19832,19832.jpg,19832.txt,positive,"FOR RENT! Fantastic 4 bdrm detached home. Beautiful. $3,500 month. #ManorPark #Ottawa #ottcity #Ottawarealestate."
13503,13503.jpg,13503.txt,positive,Q: how do #UBCJumpStart students get around on transit before Sept 1? #UBC #JumpStart #IamUBC #CompassCard
10054,10054.jpg,10054.txt,negative,If abortion is a settled issue in #Canada then why people get upset with images of abortion? #cdnpoli #NDP #Mulcair
22398,22398.jpg,22398.txt,negative,Wait what???
14683,14683.jpg,14683.txt,negative,?? wish you the best ? #bestfriends #heartbroken #missingyoualready #vancouver
7643,7643.jpg,7643.txt,positive,EVERY day is #NationalDogDay in Scotland! #Respect #Love
10740,10740.jpg,10740.txt,positive,New Blog: Once and for all… this is how you speed up your #WAN; From #Canada around the Globe;
18550,18550.jpg,18550.txt,positive,I love Mexico! Dancers from Viva Mexico & Viva La danza on main stage #yyc
18659,18659.jpg,18659.txt,negative,"Buddy, it's bad enough to drive a Dodge Magnum. At least refrain from being a total douchebag. #yyc #yycroads"
7970,7970.jpg,7970.txt,positive,#NationalDogDay because my dog is hella ugly
6153,6153.jpg,6153.txt,positive,Goal: #VGH #Vancouver #Nursing #RN
3609,3609.jpg,3609.txt,positive,"PC Party, #Youth, #Education,Opportunity,#RenewableResources, Proudly #Canada's PCs #elxn42"
9527,9527.jpg,9527.txt,negative,look at these attempts omg so sad ?? #ShesKindaHotVMA #CONGRATS5SOS
15113,15113.jpg,15113.txt,positive,Now that's a wild fermentation! #native #wild #wautoma #WAwine
14641,14641.jpg,14641.txt,positive,amethyst in the glow new #ballerina themed #painting #art #dance #artwork #acrylicpainting
2602,2602.jpg,2602.txt,positive,"Rona Ambrose and Laureen Harper speak at a gathering this morning in Stony Plain, Alta. #elxn42"
19114,19114.jpg,19114.txt,positive,a SALE at DaDe velvet pillows | 50% off | sept 10 - 17 #getitatDaDe #shopyyc #lifestyle
21151,21151.jpg,21151.txt,positive,Fun times CNE 2015
12088,12088.jpg,12088.txt,positive,I love when I get messages from clients like this! #yegfit #fitfam #workouts #gymlife #mobilefitness
9878,9878.jpg,9878.txt,negative,EDITORIAL: Is funding crunch hurting prisons like Springhill Institution? #cdnpoli
20842,20842.jpg,20842.txt,positive,#SelfieForNash Hi my name is Maria I was born in Colombia and now live in Canada and I ?? U x20
13135,13135.jpg,13135.txt,positive,PASTEL BIRCH #HamOnt 5 days 'til #Supercrawl We'll be between Mulberry & Barton. Hope to see you all there.
3228,3228.jpg,3228.txt,positive,THIS #elxn42 #polqc
12057,12057.jpg,12057.txt,positive,#freebies #yegevents @ 4pm #swagbags 4 1st 50 ladies
10439,10439.jpg,10439.txt,negative,RT IF YOU'RE FROM ALBERTA #CANADAMATTERS5SOS
7289,7289.jpg,7289.txt,negative,"""""Lady"""" Just sharing LOVE an A #Music #Cover from my #Garage to you."
4269,4269.jpg,4269.txt,positive,"Interested in a #Nursing #job near #NewLondon, NH? This could be a great fit: #Hiring"
7184,7184.jpg,7184.txt,positive,Nikita is singing tonight at 630. #livemusic #drinks #foodie
6446,6446.jpg,6446.txt,negative,"""""Lady"""" Just sharing LOVE an A #Music #Cover from my #Garage to you."
7867,7867.jpg,7867.txt,positive,So proud of Anthony on this #NationalDogDay
13193,13193.jpg,13193.txt,negative,#UAW - all taxpayers #USA had to pay $30 BILLION dollars - via #Obama . #WarrenMI Other unions...............?
14701,14701.jpg,14701.txt,positive,Final result my painting #Margaritas #artwork #oilpainting #oleo #art #artist
10958,10958.jpg,10958.txt,positive,If #CanadaPost franked more stamps their bottom line would rise about 10%. About 1 in 10 letters not franked. 2 today
8793,8793.jpg,8793.txt,negative,My response everytime???? #ShesKindaHotVMA
18805,18805.jpg,18805.txt,positive,Calgary police about to launch terrorism intervention program ReDirect. My story: #yyc
3485,3485.jpg,3485.txt,negative,From . #vote dishonorable #CPC OUT in #elxn42! No respect for #vets #Canada or #canadians! #cdnpoli
17065,17065.jpg,17065.txt,positive,"Happy Labour Day! ???? Yaletown & S Granville are closed, Four Seasons is open! #BloVancouver"
10845,10845.jpg,10845.txt,positive,#WorldPhotographyDay ?? Sky High #CanadasWonderland #ThemePark #Vaughan #Toronto #Ontario #Canada #SamsungPhotography
17474,17474.jpg,17474.txt,positive,Ready 4u Janet Jackson are you ready for #vancouver #UnbreakableVancouver #UnbreakableWorldTour opening night!
10902,10902.jpg,10902.txt,positive,#Paddling with on just one of the many serene lakes nestled in #Kootenay mountains #exploreBC #Canada
21625,21625.jpg,21625.txt,positive,"Yup, having lunch with = awesome (his art, not the human lol)"
13166,13166.jpg,13166.txt,negative,We are looking for a buyer on 31775 Hickory #Warren #MI #realestate
17473,17473.jpg,17473.txt,positive,Beautiful BC #vancouverisland #Victoria ?? #home
6664,6664.jpg,6664.txt,positive,Had a great time at the #BaskItStyle event today!! Thanks for having me! #CountryMusic #giftbag #Toronto
8932,8932.jpg,8932.txt,negative,If 5h win... Picture from #ShesKindaHotVMA
19322,19322.jpg,19322.txt,negative,Monday's be like #yyc #foodie
22611,22611.jpg,22611.txt,negative,That's the point... It would suck to post this picture:
13351,13351.jpg,13351.txt,positive,Go! Eskies Go! #AllHeartsEsks
8160,8160.jpg,8160.txt,positive,"The 2 doggies in my life, Ruby (left) & Wishbone (right). My doggie niece and nephew. #NationalDogDay"
19983,19983.jpg,19983.txt,positive,Ana and Mel arrive 2morrow ! #excited #bestfriend #buddy #relax #ottawa
10377,10377.jpg,10377.txt,negative,#AmberAlert RT! SHARE at #Canada #news #abduction #FindHailey
22232,22232.jpg,22232.txt,negative,he faved it #daymade
3309,3309.jpg,3309.txt,positive,"900!?! ?? I'm PUMPED by all the Twitter love & support ???? You rock, #Cloverdale #Langley! ???? #elxn42 #Aldag2015"
6757,6757.jpg,6757.txt,positive,Looking for something to read inside while it rains? Last week in #musicnews: #Ottawa #music
14232,14232.jpg,14232.txt,positive,Labour volunteers ready to knock on doors for the #NDP in #Dartmouth & #Halifax today! #NSpoli #canlab #NovaScotia
22683,22683.jpg,22683.txt,positive,get the right amount of sleep at night with Arbonne's sleep well spray :)
12271,12271.jpg,12271.txt,positive,Look up on your way into the clocktower today! #macewanu #yegdt
10481,10481.jpg,10481.txt,negative,Felt #earthquake M2.4 strikes 7 km N of #Abbotsford (#Canada) 19 min ago. Please report to:
13290,13290.jpg,13290.txt,positive,I'm not getting old ?? I'm getting better #birthdaygirl #birthday #youngatheart #balloons #virgo
8093,8093.jpg,8093.txt,positive,Happy #NationalDogDay! xoxo
13418,13418.jpg,13418.txt,positive,Cool and colorful :) RT By Jopy #gallery #artist #art #painting
21068,21068.jpg,21068.txt,positive,I would love to show you my #listing at 1715 Charles #Saginaw #MI #realestate
12503,12503.jpg,12503.txt,negative,Pilot dead after small plane crashes in Stoney Creek. #HamOnt
16315,16315.jpg,16315.txt,positive,Thanks for the sweet business cards #JukeBoxPrint. #Toronto #Comedy #ShowBiz #Haters
12042,12042.jpg,12042.txt,negative,"How does this happen? 3 cars, 3 different directions! 100Ave & 116st #yeg"
22639,22639.jpg,22639.txt,positive,15-16 Upper Deck O-Pee-Chee Breaks Are Posted - Team Random & Team Select.
9618,9618.jpg,9618.txt,negative,nudes for nudes #ShesKindaHotVMA
21770,21770.jpg,21770.txt,positive,Goodnight from us to you??
7854,7854.jpg,7854.txt,negative,I'm declaring a #NationalDogDay Picture War with my co-workers. I give you Poop-Bag Batman.
21915,21915.jpg,21915.txt,negative,Sad day for the McNitt house
20926,20926.jpg,20926.txt,negative,#SelfieForNash SICK
13644,13644.jpg,13644.txt,positive,#Art Introducing My just finished Painting Amish Day Sunset 40x60 #canvas
6360,6360.jpg,6360.txt,negative,Vevo right now #DragMeDownMusicVideo
8781,8781.jpg,8781.txt,negative,5sos fam @ 5h fans when they say we are cheating #ShesKindaHotVMA
8628,8628.jpg,8628.txt,negative,When you've got bigger hands that no one else understands... #ShesKindaHotVMA
18843,18843.jpg,18843.txt,positive,Mairi Gordon & Clive with United Nurses of Alberta are marching in the Calgary Pride parade for the first time. #yyc
8441,8441.jpg,8441.txt,positive,Happy #NationalDogDay ????
12487,12487.jpg,12487.txt,negative,. train delays Tuesday: Daystarter Traffic #HamOnt
20582,20582.jpg,20582.txt,negative,"Come one #CalgarySW. Open more checkout lines, lines halfway into the store. #customersleaving #wastedfood"
12646,12646.jpg,12646.txt,positive,A lovely thought for the second part of the week. #HamOnt #Inspiration
8990,8990.jpg,8990.txt,negative,#JetBlackHeart is LIZ-APPROVED !! #ShesKindaHotEP #ShesKindaHotVMA
6188,6188.jpg,6188.txt,positive,#LiveMusic ? ? Space Jam ?
14614,14614.jpg,14614.txt,positive,This is my jam: WDFN-AM by WDFN ? #iHeartRadio #NowPlaying
9556,9556.jpg,9556.txt,negative,Me: Huke Lemming is that you???? Luke/Huke: yaaaaaaaaaaaaaaaaah #SheskindahotVMA
14132,14132.jpg,14132.txt,negative,It seems like my #cat is #whiner than ever! #cats #kitties #pets #animals #whine #whiners #whiny #funnycartoon #art
15250,15250.jpg,15250.txt,positive,It's #WineWednesday so we are reminiscing about the tasty glasses of red and white from #TasteOfToronto
6980,6980.jpg,6980.txt,positive,Mark Kosower killing it in Haydn's Cello Concerto in C Major #cleveorchestra #brilliant #music
13220,13220.jpg,13220.txt,negative,To all those fandoms who tried trending #OneDirectionIsBreakingUpParty but failed
11923,11923.jpg,11923.txt,positive,got married here #YegRocks #StJoesephbascilica Night ttime
3296,3296.jpg,3296.txt,negative,If abortion is a settled issue in #Canada than why people get upset with images of abortion? #elxn42 #Ready4Change
8028,8028.jpg,8028.txt,negative,They give special love #NationalDogDay
7961,7961.jpg,7961.txt,positive,#HappyNationalDogDay to my only friends
13692,13692.jpg,13692.txt,negative,"-Since I wasn't feeling that great earlier, I forgot to post this... #HogwartsIsMyHome"
22076,22076.jpg,22076.txt,negative,#Terrorism a treat to #Democracy.
20442,20442.jpg,20442.txt,positive,falling in love in down town #ottawa
3101,3101.jpg,3101.txt,negative,#CPC bus was supposed to last until Oct 19 but the wheels fell off prematurely. #cdnpoli #elxn42
13902,13902.jpg,13902.txt,positive,The dancers from entertaining the guests with some groovy moves! #wenttoagardenparty2015
9317,9317.jpg,9317.txt,positive,WE ARE THE CHAMPIONS #ShesKindaHotVMA
12879,12879.jpg,12879.txt,negative,Have you lost your scooter or had it stolen? If this is it you can find it's remains in Shamrock Park. #HamOnt
6963,6963.jpg,6963.txt,negative,I SRSLY CANT RIGHT NOW OMG??? #DragMeDownMusicVideo
7654,7654.jpg,7654.txt,positive,Happy #NationalDogDay Celebrating with photo of the family farm dog @ #VibrantFarms #DogDaysofSummer
5126,5126.jpg,5126.txt,negative,"""""Please do not walk down the escalator."""" #stagnant #thrill #TIFF15"
22613,22613.jpg,22613.txt,negative,Work for TRUMP Til a REAL President in WH
9023,9023.jpg,9023.txt,negative,durring voting #ShesKindaHotVMA
14838,14838.jpg,14838.txt,negative,me after listening to #jetblackheart
12831,12831.jpg,12831.txt,positive,Sabrina brought Skor Bit cookies into the office today! ?? #sweet #treat #homemadecookies #HamOnt
17120,17120.jpg,17120.txt,positive,"Morning, mofos! slept like a newborn baby feeling #funkyfresh after shower #selfie #Vancouver DAMN! its amost 10 am."
12218,12218.jpg,12218.txt,negative,Digging in to the face meat. #pigout #yegfood
15280,15280.jpg,15280.txt,negative,Another summer in paradise city comes to an end. #toronto
6151,6151.jpg,6151.txt,positive,"RN / Registered Nurse /... - Supplemental Health Care: (#Lancaster, NH) #Nursing #Job"
8047,8047.jpg,8047.txt,positive,I love my pups?? #NationalDogDay
12617,12617.jpg,12617.txt,negative,"Spider web in morning dew. Seen at Princess Point Park, Hamilton #HamOnt #Ontario"
3025,3025.jpg,3025.txt,negative,"5 things to watch for in Cdn. business this wk, including lots of stats & #elxn42 debate"
6808,6808.jpg,6808.txt,positive,Tonight! Ron Blake joins The Mingus Band for #MingusMondays #music #nycnightlife
12357,12357.jpg,12357.txt,negative,Inquest announced into 5 Barton Street jail inmate deaths. #HamOnt
14380,14380.jpg,14380.txt,positive,"RT via The artistic process always involves struggle,& often involves suffering #art"
10838,10838.jpg,10838.txt,positive,#YoungDrivers need to focus on establishing good habits while #driving: #AvivaCanada #License
22159,22159.jpg,22159.txt,negative,i still have this fucking picture of a piece of pizza on my desktop
19943,19943.jpg,19943.txt,positive,Have now been to 6 out of 9 stadiums. #Awesome #Ottawa ... Go
2640,2640.jpg,2640.txt,negative,You can use to see changing policy positions on still relevant issues. #Elxn42
16566,16566.jpg,16566.txt,positive,We need 5 more #dog heroes like Logan for tomorrow's #BloodDonor clinic! #Toronto
11083,11083.jpg,11083.txt,negative,#stats #canada #recession bankruptcy-canada.ca
13190,13190.jpg,13190.txt,negative,#WarrenMichigan elevation #floodzone between Dequindre - VanDyke #GMTechCenter (12-13mile Chicago area)- #stormwater
9847,9847.jpg,9847.txt,positive,Thank you to all the volunteers who helped with the move for 's campaign! #joly2015 #cdnpoli
21803,21803.jpg,21803.txt,negative,Fall is in the air for sections of the Maritimes today. Prepare for a break from the heat! Details @ 7
19891,19891.jpg,19891.txt,positive,WAITING FOR #OTRAOttawa
17889,17889.jpg,17889.txt,negative,"it's #backtoschool week! By next Tuesday, all the little ones will be back at it... #september #edmonton #timetoclean"
9812,9812.jpg,9812.txt,negative,. and so is this one....#cdnpoli
21802,21802.jpg,21802.txt,negative,FaceTime to my doggy??
18592,18592.jpg,18592.txt,negative,Not impressed to find these rain ponchos all over the streets in my hood this morning. No respect. #oneloveyyc #yyc
10362,10362.jpg,10362.txt,negative,Do you not see this hashtag at number 2 ???? #CANADAMATTERS5SOS
5955,5955.jpg,5955.txt,positive,Bets in Go #BlueJays
9035,9035.jpg,9035.txt,positive,Lashton Rt and tag a lashton babe or gent #ShesKindaHotVMA
20867,20867.jpg,20867.txt,negative,#SelfieForNash I'm Nicole and I love waffles??????
6863,6863.jpg,6863.txt,negative,"LIVE tonight! $4 tax in Jameson shots! All day, every day! #livemusic #Mississauga #irishwhiskey"
4577,4577.jpg,4577.txt,positive,"Want to work in #SherwoodPark, AB? View our latest opening: #Labor #Job #Jobs #Hiring"
9848,9848.jpg,9848.txt,negative,If I was debating tomorrow. #cdnpoli #elx42
17589,17589.jpg,17589.txt,positive,Another case of #RoadConstruction showing there is road capacity to spare & everything still works #Vancouver
22053,22053.jpg,22053.txt,positive,pecials
20447,20447.jpg,20447.txt,negative,Parking lot accidents can result in serious injuries #accidents #injuries #Ottawa
15042,15042.jpg,15042.txt,negative,first time hearing #jetblackheart be like..
8831,8831.jpg,8831.txt,negative,#ShesKindaHotVMA my kitty
4779,4779.jpg,4779.txt,negative,. tells us about #February LIVE from #TIFF40 #TIFF15
18639,18639.jpg,18639.txt,positive,I'm a coffee mule. Sharing the love ?? #yyccoffee
18395,18395.jpg,18395.txt,positive,good weekend :) universe airbrush #Montreal #ndg #mtl #NewYork #japan #Russia #Haiti
21437,21437.jpg,21437.txt,negative,"Actually, this is goals. #goals"
7225,7225.jpg,7225.txt,positive,"Almost at 1,000! Please share link and LIKE! :) #torontoartist #folkmusic #singersongwriter"
14325,14325.jpg,14325.txt,negative,You're listening to LIVE 9a-12p on It's talk radio without the #teaparty crazy!
3506,3506.jpg,3506.txt,negative,#DuffyTrial commentary in Vancouver's DTES just now. #elxn42
13345,13345.jpg,13345.txt,positive,"Lovely #tartine, beef tartar, and street view from the l'elephant du nil #bistro #lemarais #Paris #travel #cafe"
15337,15337.jpg,15337.txt,positive,2013 Argento Reserva #CabernetSauvignon with to finish off another great day. #Wine #TorontoWineBar
10069,10069.jpg,10069.txt,negative,Harper Conservatives called out for anti-refugee propaganda. #cdnpoli
5368,5368.jpg,5368.txt,negative,Non-IGers: I'd just like to say I tweeted this after Tulo's first at bat. You're welcome. #Tulo #bluejays #Tulolerud
22653,22653.jpg,22653.txt,positive,#hamptons life; as idyllic as it looks #newyork #LDWeekend #luxurytravel
6527,6527.jpg,6527.txt,positive,Happy Monday Everyone! It's a brand new week and we are so excited for it. #livemusic #greatfood #bestofbc
8960,8960.jpg,8960.txt,negative,I still have bad PCD and it's been 4 days #pcd #ShesKindaHotVMA #jetblackheart
17833,17833.jpg,17833.txt,positive,#UnbreakableEdmonton #JanetJackson can't you tell we're excited to see Miss Janet hit the stage? Hehehe
9142,9142.jpg,9142.txt,negative,they look so happy ???? #ShesKindaHotVMA
5185,5185.jpg,5185.txt,positive,Set up complete! Stop by starting tomorrow at 4 pm at David Pecaut Square for some beauty treats. ?? #TIFF15
8890,8890.jpg,8890.txt,negative,vote for smol lil mikey ???? #ShesKindaHotVMA
3793,3793.jpg,3793.txt,positive,Hello #UAE we are looking for an #intern from Middle East.Get #work #experience working for an #tech #Startup. #jobs
10001,10001.jpg,10001.txt,negative,Thx #BC gov for wasting my tax $ to lie to me about #LNG-no #fracking #cdnpoli #BCpoli #climatechange
17175,17175.jpg,17175.txt,positive,Picnic at midnight w/ at the foot of the Olympic Cauldron. I love this city! #Vancouver
7767,7767.jpg,7767.txt,positive,Look at my handsome puppy :). #NationalDogDay love
11148,11148.jpg,11148.txt,negative,If abortion is a settled issue in #Canada then why people get upset with images of abortion #TeamDykstra #CPC #StCath
9818,9818.jpg,9818.txt,negative,"#HARPERMAN YOUR TIME IS DONE, ENJOY YOUR TIME OUT OF OFFICE, YOU WILL BE RIDICULED EVERYWHERE. #cdnpoli"
14634,14634.jpg,14634.txt,positive,"No one can do a sad, forlorn, puppydog face like Gene Kelly! #SingingInTheRain #TCMParty #SUTS"
9835,9835.jpg,9835.txt,negative,The high cost of pollution not only on earth. #cdnpoli
7787,7787.jpg,7787.txt,positive,Ally wants to wish all doggies and their humans a very Happy #NationalDogDay! ??????
10972,10972.jpg,10972.txt,negative,RT IF YOU'RE FROM NEW BRUNSWICK #CANADAMATTERS5SOS
3001,3001.jpg,3001.txt,positive,It must be said ... and he demonstrates it best ... #elxn42 #polqc
21392,21392.jpg,21392.txt,positive,and look so adorable?? And was the sand tasty?? PLS FOLLOW ME NASH?????? 171
14953,14953.jpg,14953.txt,negative,<~This #author is genetically incapable of being 'normal' #BookBoost #IARTG #IAN1 #ASMSG
18049,18049.jpg,18049.txt,negative,Walk this way Centre de commerce mondial de #Montreal
13512,13512.jpg,13512.txt,positive,"Wait, WHAT? An outdoor """"rug"""" made of rocks. #awe #garden #inspiration #artists"
5735,5735.jpg,5735.txt,negative,Me after that Grand Slam #Edwin #BlueJays
17546,17546.jpg,17546.txt,negative,#YouKnowSummersOverWhen all the terrible #Summer #TV shows have their season finales #Sad #Vancouver #Followme
21965,21965.jpg,21965.txt,negative,"Good old """"side room"""" Ling."
8717,8717.jpg,8717.txt,negative,Relatable #ShesKindaHotVMA
16914,16914.jpg,16914.txt,positive,When met #batman.. Coolest car at the #torontocarshow2015 #batmobile #custommade #carshow #torontolowriders
19107,19107.jpg,19107.txt,positive,Had to stop at in for a surprise for Mr. It's amazing. Just wait. #yyc
19797,19797.jpg,19797.txt,negative,#yyctraffic Crash on Elbow Drive on G'more Tr overpass blocking most SB traffic. #ElbowBending
2523,2523.jpg,2523.txt,negative,"Canada among most vulnerable large economies. Quick, rearrange deckchairs. #cdnpoli #elxn42"
21398,21398.jpg,21398.txt,negative,"Even watching is illegal (laws) & immoral (norm, laws). It was obvious in the first place. + different values."
9755,9755.jpg,9755.txt,negative,"This was my favorite response to 's unwanted signs. Of course, she deleted the comment quickly. #cdnpoli"
7241,7241.jpg,7241.txt,positive,This week! #yycmusic
22263,22263.jpg,22263.txt,positive,Anyone out there ever try ?? I love low & hi tech clickers so this seems really neat! #assessmenttools
21772,21772.jpg,21772.txt,positive,I can't get over how dark my hair is in this???? #tb #TwitterlessGrace
3274,3274.jpg,3274.txt,negative,". throuhg his actions, has shown his disdain for any Canadian who opposes his conservative agenda. #elxn42"
5558,5558.jpg,5558.txt,positive,should be excited tones of baseball left but it's nice to see #1stALEAST game up on Yankees #bluejays
20909,20909.jpg,20909.txt,positive,#SelfieForNash I'm Nicole and I love waffles??????
20021,20021.jpg,20021.txt,positive,"Best time of year,Vendemia! We no how 2 celebrate it... Bringing all of the best Italian food & wine together #ottawa"
12224,12224.jpg,12224.txt,positive,Nice try ! But Motsu-Don won again! #manvsfood #somuchfun #toomuchrice? #izakaya #bar #foodchallenge #yeg
13841,13841.jpg,13841.txt,negative,Man’s hands burned in #Dartmouth apartment building fire
22498,22498.jpg,22498.txt,negative,Three refugee children found critically ill in Austria
22829,22829.jpg,22829.txt,negative,This song still slaps ????????
21172,21172.jpg,21172.txt,positive,Check out my roundup of versatile blanket scarves on the blog!
7609,7609.jpg,7609.txt,positive,I said we need more dogs in #comics - but where's Sweet Boy?: #NationalDogDay
12376,12376.jpg,12376.txt,positive,Stoney Creek Generals Host Rookie Camp starting tdy at 5:30pm #HamOnt #HTGenerals
16815,16815.jpg,16815.txt,positive,Been told I look like . Here I am at my most Franco-est. #Toronto #Comedy #ShowBiz #Haters #StandUp
12339,12339.jpg,12339.txt,negative,#yegcc sell us #bullshit and say it will #improve #traffic #yeg
17438,17438.jpg,17438.txt,negative,"Hey , quite a large gap in the number 3 bus heading south on main. #NotCool #Vancouver #Transit #BC"
10789,10789.jpg,10789.txt,negative,"?Aylan Kurdi, his mom brother buried.hecould raiseup in #Canada if Immigration not focused on milioner express visa"
15667,15667.jpg,15667.txt,negative,outfit for #ROWYSOToronto
22494,22494.jpg,22494.txt,negative,I CANT SLEEP CAUSE Of this
20180,20180.jpg,20180.txt,positive,Jazz night tomorrow starting 6:30pm! #ottcity #613 #ottawa #jazz #drinks #dinner
12539,12539.jpg,12539.txt,negative,Dying whales and phony claims from cosmetics companies: DayStarter Top Stories. #HamOnt
4980,4980.jpg,4980.txt,negative,All these goodies at the EGPR #TIFF15 Lounge! #essentialslounge6ix #tiff15
19425,19425.jpg,19425.txt,positive,Doing good in the world is GREAT business! #Beakerhead #happeningnow #yyc
14189,14189.jpg,14189.txt,positive,Today's Sammie. .Classic Crab Roll with Niagara peach and pink pepper aioli #partyInUrMouth
4723,4723.jpg,4723.txt,negative,SOMEONE ask me for one more thing for free; I dare you. #TIFF15 cc:
12903,12903.jpg,12903.txt,positive,Hey #hamont #thbbluecollar & lavender ginger radler ontap come on down! 2nd floor
16955,16955.jpg,16955.txt,positive,"Good coffee, good scones, good friend. That's all about it. :) #scones #TorontoLife"
19871,19871.jpg,19871.txt,positive,Had a great day popping in on past clients & delivering a little early fall cheer. #clientappreciation #ottawa
8219,8219.jpg,8219.txt,positive,Flyest dog out there?? #nationaldogday
7628,7628.jpg,7628.txt,positive,"My sweet old girl, KiKi. #NationalDogDay"
22571,22571.jpg,22571.txt,negative,Why is Boo Boo Kitty NOT in the Smithsonian? They have Fonzi's leather jacket.
11919,11919.jpg,11919.txt,positive,First photo from the #rockies trip this #longweekend will have to do final edit on desktop. #explorealberta #yeg
21898,21898.jpg,21898.txt,positive,"""""#SeekTruth"""" & """"#SpeakTruth"""" stop living lies..."
10445,10445.jpg,10445.txt,positive,#canada features Top 10 Moments of Day 3 #TOMSS16
4104,4104.jpg,4104.txt,positive,Can you recommend anyone for this #job? Prototype Product Engineer - REPS (2015-2) -
6311,6311.jpg,6311.txt,positive,"Ladies and gentlemen, ! #VancouverBC #Canada #Portland #swing #music"
8959,8959.jpg,8959.txt,positive,me and Ashton dont always wear glasses but when we do sometimes we look a like #ShesKindaHotVMA
10309,10309.jpg,10309.txt,negative,LMFAO Dearies! #ScottWalker wants to build #Canada Wall ... #ScottWalker #BuildTheWall Eh!
4768,4768.jpg,4768.txt,positive,"#TIFF15 movie 5: """"The Dressmaker"""" (at in Toronto, ON)"
11224,11224.jpg,11224.txt,negative,When 5sos don't even know the maritimes but you're broke af and couldn't afford to go to Toronto #CANADAMATTERS5SOS
12315,12315.jpg,12315.txt,negative,Wehad the #coldest day in #yeg in 53 years today. #ClimateChange is #Bullshit
14868,14868.jpg,14868.txt,positive,Mariachi Ghost this afternoon. tonight! much much more....#Dartmouth
12733,12733.jpg,12733.txt,negative,Pedestrian 'expected to survive' after drunk driving crash. #HamOnt
21518,21518.jpg,21518.txt,positive,"I'm at Milton Fairgrounds in Milton, Ontario w/"
9452,9452.jpg,9452.txt,negative,When luke retweets every fan and update account but you #ShesKindaHotVMA
6274,6274.jpg,6274.txt,positive,#LiveMusic Tour Return
8509,8509.jpg,8509.txt,positive,Happy #NationalDogDay these are mine ??
20729,20729.jpg,20729.txt,positive,Gorgeous dinner onboard #riverforthdiningcar #capturecalgary
18497,18497.jpg,18497.txt,positive,. has set sail.
2583,2583.jpg,2583.txt,positive,Everyone is hyped for in #Abbotsford! #RallyintheValley! #MMFC #elxn42
22303,22303.jpg,22303.txt,positive,Interested in learning about #environmental stewardship education? Open House in October!
21416,21416.jpg,21416.txt,negative,well this isn't a good idea !!
17669,17669.jpg,17669.txt,positive,Share plates with big tastes . #FoodyFreaks #foodyfreaksverified #vancouver #foodporn #tapas #dimsum
5948,5948.jpg,5948.txt,negative,"I know, right..!? #BlueJays"
5927,5927.jpg,5927.txt,negative,"#OldManHawkins had to wake up from his nap and he's not happy, #Orioles whippersnappers! #GetOffMyLawn #BlueJays"
19751,19751.jpg,19751.txt,positive,Ruby just found her family again! She had a big adventure today... But is headed home. #yyc
9697,9697.jpg,9697.txt,negative,Clean energy gods send a message. Calgary air quality poses 'very high' health risk. #cdnpoli
19696,19696.jpg,19696.txt,negative,When it snows in Calgary in August. #yyc #snowmageddon
21429,21429.jpg,21429.txt,positive,Lmao when you're having car problems and is taking snaps of you ??
5634,5634.jpg,5634.txt,negative,Missed the #BlueJays game to drive a lambo. ??
8135,8135.jpg,8135.txt,positive,1/2 things that make me happy. Love ya sofie ?? #HappyNationalDogDay
15682,15682.jpg,15682.txt,positive,"draws to a close today inside the . Here, you can plan your entire wedding. #Toronto"
19808,19808.jpg,19808.txt,positive,Out For A Stroll This AM In Our Nation's Capital And Stumbled Upon This... #ottawa #respect
8754,8754.jpg,8754.txt,negative,#ShesKindaHotVMA my grandpa thought this was a real tattoo
10509,10509.jpg,10509.txt,positive,#Muskoka - Who said #LA only had breathtaking #sunsets? #LaborDay #Weekend #Canada
21740,21740.jpg,21740.txt,negative,cries because
12246,12246.jpg,12246.txt,positive,Dog Park sunset #yeg
7596,7596.jpg,7596.txt,positive,Baby & Buddy #gypsyriverranch #mohicanriver #NationalDogDay #WKYC #DogDay3
9910,9910.jpg,9910.txt,positive,Not everybody likes to read or research on the Internet. Libraries are important. #cdnpoli
7479,7479.jpg,7479.txt,negative,#housemusic by OUT NOW !!!!! RT
8979,8979.jpg,8979.txt,negative,Michael when he sees your not voting???? #5SOSFAMVOTEATTACK #BattleOfTheFangirls #ShesKindaHotVMA
13825,13825.jpg,13825.txt,negative,#wildfollowparty Hi I'm Taylor I'm a flop who loves another flop named Troye. Ok bye.
17811,17811.jpg,17811.txt,negative,Whoa. #Vancouver lost 300 trees during that storm on August 31! (I'm at a #VancouverParkBoard meeting)
12906,12906.jpg,12906.txt,negative,Sun bathing on the roof of his building and he's got his junk covered too !! #HamOnt #OnlyinHamOnt #OnlyinHamilton
12730,12730.jpg,12730.txt,negative,An old man's balls were hanging out on the bus yesterday. #HamOnt #OnlyinHamOnt #OnlyinHamilton
3753,3753.jpg,3753.txt,negative,Captive audience at this #debate2015 party in #Calgary. #elxn42 leaders debate beginning soon
9449,9449.jpg,9449.txt,negative,Talking to my crush casually about 5sos #ShesKindaHotVMA
5687,5687.jpg,5687.txt,negative,Pitchers when they find out they have to chuck against the #BlueJays.
18399,18399.jpg,18399.txt,positive,The best is yet to come ... #Montreal #mtl #NDG event coming soon ....??? #mystery #Networking
8192,8192.jpg,8192.txt,positive,#NationalDogDay gotta love my Golden Retriever Lily
3060,3060.jpg,3060.txt,negative,227 000 fake followers for #elxn42
4932,4932.jpg,4932.txt,positive,Thanks for inviting me to the #LegendFilm premier ! #TIFF15
12598,12598.jpg,12598.txt,negative,City struggles to deal with mental health tenants destroying housing. #HamOnt
22114,22114.jpg,22114.txt,negative,I very seriously wish I was listening to snoring right meow ??
8726,8726.jpg,8726.txt,negative,um hello put that hand back were it belongs.... :O #ShesKindaHotVMA
16005,16005.jpg,16005.txt,positive,Lauren from helping us set our intention for today's class! #freeyogainhighpark #torontoyoga
2846,2846.jpg,2846.txt,negative,"1/2 Women’s issues debate cancelled because Harper, Mulcair won’t participate #elxn42"
22007,22007.jpg,22007.txt,positive,Incredible accuracy of my Depth Gauge. Outstanding!!! #divewatch
9204,9204.jpg,9204.txt,negative,I hate it when people act like this like we get it? You smoke week? #ShesKindaHotVMA
8466,8466.jpg,8466.txt,negative,"Happy #NationalDogDay . It's been almost 4 years, but I still miss my little buddy."
18087,18087.jpg,18087.txt,positive,Come and make your own Airbrush art in the park #MTL #montreal #ndg with this Friday Girouard park
2697,2697.jpg,2697.txt,negative,All of these #CPC candidates not attending #Bramdebate. #shameful #followingorders #cdnpoli #elxn42
6159,6159.jpg,6159.txt,positive,"Registered Nurse - RN - Supplemental Health Care: (#Rockport, ME) #Nursing #Job #Jobs"
16049,16049.jpg,16049.txt,negative,"#TorontoFC, #IMFC moving in different directions as TFC adds to Montreal misery in 2-1 win."
7809,7809.jpg,7809.txt,negative,#NationalDogDay my baby doll??
3024,3024.jpg,3024.txt,positive,"Today is #TeamOmar day: Join me, 2-9pm at #Mississauga Centre. | #LPC . #RealChange #Trudeau2015 #elxn42"
5532,5532.jpg,5532.txt,positive,whole fam together for the game #BlueJays #ComeTogether
18193,18193.jpg,18193.txt,positive,"#Montreal, QC #ProjectMgmt #Job: SR Project/Program Manager at CGI #Jobs #Hiring"
17119,17119.jpg,17119.txt,negative,"Wind damage in Kits (there's supposed to be a sidewalk there). Walk (and drive) with extra care, #Vancouver."
13334,13334.jpg,13334.txt,positive,#howsweet. Honey tasting with at the #tlgardenparty
21665,21665.jpg,21665.txt,negative,Thought it looked cool! ????
12525,12525.jpg,12525.txt,negative,Meeting at Ottawa street BIA is deteriorating fast. #HamOnt
21593,21593.jpg,21593.txt,positive,"Congratulations to of the on winning the """"Jeff Babstock Award"""" for Leagues Top Defender"
19922,19922.jpg,19922.txt,positive,A beautiful sunny Friday morning outside the offices in #Ottawa.
9017,9017.jpg,9017.txt,negative,now I'm just randomly picking irrelevant shit from my camera roll just vote guys #ShesKindaHotVMA
22558,22558.jpg,22558.txt,negative,I am very drunk.
4833,4833.jpg,4833.txt,positive,So this is happening today. A ver si aguanto las seis horas. BRING IT #TIFF15
5682,5682.jpg,5682.txt,negative,"Did you see this, ? : Sorry Dion, your services are no longer required... #leafs #BlueJays"
9363,9363.jpg,9363.txt,negative,Rt or you'll never get to tell him how much he's saved you #ShesKindaHotVMA
3170,3170.jpg,3170.txt,negative,Timely Art Exhibition in Ottawa this October: … … … … … … #GoodToGo #elxn42
8671,8671.jpg,8671.txt,positive,"You boys have come so far, I'm proud #5SOSonGMA #ShesKindaHotVMA"
6299,6299.jpg,6299.txt,positive,Looks like the views counts is working again #MTVHottest One Direction ?? #DragMeDownMusicVideo
22843,22843.jpg,22843.txt,positive,he dressed up 4 u XX #happybirhday from Tofu and i ????
10370,10370.jpg,10370.txt,positive,"Great game ,love watching u play whether its for Orlando or for Canada!Keep doing what you do! #GoCanadaGo"
20346,20346.jpg,20346.txt,positive,Good Morning from #Ottawa. #WayBackWednesday
7598,7598.jpg,7598.txt,positive,Happy #NationalDogDay ! ??
11880,11880.jpg,11880.txt,positive,"Sausage, biscuits, hash browns and homemade ketchup #gastropost #gastropostab #yegfood #yeg"
5384,5384.jpg,5384.txt,positive,Way to go Donaldson! Go Jays! #BlueJays #baseball
13226,13226.jpg,13226.txt,negative,"Defying #Liberal Logic. #UnbornLivesMatter, too. End #CulturalCorruption #PoliticalCorrectness #tcot #TeaParty"
8893,8893.jpg,8893.txt,negative,Jack and mini jack #ShesKindaHotVMA
14503,14503.jpg,14503.txt,positive,Happy birthday! #AKPublicArt #SharkGirl #SharkGirlBuffaloBday
8644,8644.jpg,8644.txt,negative,sorry we lost our lead #ShesKindaHotVMA
15970,15970.jpg,15970.txt,negative,Oooo good way to start the day. #Weed #420 #Toronto
21813,21813.jpg,21813.txt,positive,Enjoying a fine Cohiba Cigar while listening to #pyschodelicSundays on . Nothing beats this
10697,10697.jpg,10697.txt,positive,agree with Fraser Valley Peace Council: #Canada must revert back to #PeaceKeeping #SurreyBC
18878,18878.jpg,18878.txt,negative,He's snuggled in tight tonight. #brrrr #yyc #dogs #oliver #notlikingtheweather
22001,22001.jpg,22001.txt,negative,my dads new shirt....
4444,4444.jpg,4444.txt,positive,"Can you recommend anyone for this #Healthcare #job? #Buffalo, NY #Hiring"
6044,6044.jpg,6044.txt,negative,When my nursing groupies rant/vent about work ???? #nurselife #nursingproblems
19824,19824.jpg,19824.txt,negative,Sever thunderstorm in #Ottawa #ottnews
14011,14011.jpg,14011.txt,positive,"#Madonna #RebelHeartTour #art #painting """" REBEL """" for my favorite Artist Madonna"
20603,20603.jpg,20603.txt,positive,#Calgary all dreamy and pretty.
21213,21213.jpg,21213.txt,negative,Read this
12597,12597.jpg,12597.txt,negative,Dundas Pizza Pizza. Someone decided to light trash on fire ! #HamOnt #OnlyinHamOnt #OnlyinHamilton
6841,6841.jpg,6841.txt,negative,Them hands though?? #DragMeDownMusicVideoIsOut
6522,6522.jpg,6522.txt,positive,Pioneer DDJ-SB now ONLY $299. Get yours today!!! #dj #music #proaudio
15004,15004.jpg,15004.txt,positive,It's a beautiful day in the neighborhood. #kawarthalakes #kawarthalakesnaturally
20379,20379.jpg,20379.txt,positive,RT for a chance to win 2 tickets to DJ YELLA #StraightOuttaCompton #PosteringOttawa
16709,16709.jpg,16709.txt,positive,Live Music tonight with performing from 7pm #nocover #Toronto #torontoeats #The6ix see you at the bar!
2938,2938.jpg,2938.txt,positive,ICYMI: Harper is pulling out all the stops & actually kissed a baby yesterday. These photos c/o his FB page. #elxn42
7445,7445.jpg,7445.txt,positive,We also added the latest from called #Dibs! #newadd #NewMusicMonday
20785,20785.jpg,20785.txt,negative,#SelfieForNash ???? not the best pic but doing this just for you
18325,18325.jpg,18325.txt,positive,#TGIF ! Great table d'hote for lunch and then happy hour from 4-8! #montreal...
19248,19248.jpg,19248.txt,positive,"#TGIF ?? Happy Friday everyone ?? Have a wonderful weekend! P.S. #Calgary, find our #tights at Bali and Beyond #yyc"
3618,3618.jpg,3618.txt,positive,John Aman will vote in 2015 because it's his responsibility for his family! #iwillvote2015 #cdnpoli #elxn42 #bcrc15
13356,13356.jpg,13356.txt,negative,michael girls during the chorus of #jetblackheart
21848,21848.jpg,21848.txt,negative,bite me
17744,17744.jpg,17744.txt,positive,THIS FRIDAY returns to #Vancouver at . Tickets:
10613,10613.jpg,10613.txt,positive,Can't wait for the game start! #GOCANADAGO
19201,19201.jpg,19201.txt,positive,"This LVT is groutable, giving it the look of tile & the durability of vinyl. #vinyltile #lvt #yycdesign #yyc #calgary"
20354,20354.jpg,20354.txt,positive,There are 40 breweries at this year. Bring some friends & taste test them all. #OCBF2015 #Ottawa
8477,8477.jpg,8477.txt,positive,there ya go! Happy #NationalDogDay
9189,9189.jpg,9189.txt,negative,VOTW BECAUSE THIS PHOTO FUCKS ME UP #ShesKindaHotVMA
16128,16128.jpg,16128.txt,positive,Dinner at the CN Tower today ?? #cntower #toronto #tdot #the6
17874,17874.jpg,17874.txt,negative,#Edmonton City being so obsessed fixing curbs and sidewalk replacing now 1year old sidewalks Roads still treacherous
9307,9307.jpg,9307.txt,negative,#ShesKindaHotVMA when I see people not voting rn
19669,19669.jpg,19669.txt,negative,Sucks these are only available in the US :( #ItGetsBetter #yyc
5318,5318.jpg,5318.txt,negative,When you wake up in a good mood but then remember the #BlueJays lost 10-2 to f***ing Baltimore last night ...
2679,2679.jpg,2679.txt,positive,My favourite sign location this week for obvious reasons #Results4Durham #elxn42
20480,20480.jpg,20480.txt,positive,announces expansion of #Salesforce practice to #Ottawa #tech
16900,16900.jpg,16900.txt,positive,Walking around downtown #Toronto #LoveTO
10060,10060.jpg,10060.txt,negative,#NoTPP corporations are destroying the world fast enough as it is #multinational #ecocide #cdnpoli #gmo #BigPharma
9248,9248.jpg,9248.txt,negative,my version of don't stop PART 1: DONT STOP FUCKING VOTING?????? #ShesKindaHotVMA
12653,12653.jpg,12653.txt,positive,Mountaineers Drops Pair to Conestoga in OCAA Softball yesterday #HamOnt #HTMountaineers #OCAA
6225,6225.jpg,6225.txt,positive,Sept Music Poster for #hblposters #HamOnMusic
2604,2604.jpg,2604.txt,positive,"Got the coolest button today, thanks ! Only 42 days left! #elxn42"
21182,21182.jpg,21182.txt,negative,really?
12408,12408.jpg,12408.txt,positive,Deer at the bottom of Wentworth stairs just wandering around. #HamOnt #OnlyinHamOnt
2971,2971.jpg,2971.txt,positive,Sound check for volunteer event at the Lula Lounge #cash4TO #elxn42 #davenportNDP
11125,11125.jpg,11125.txt,positive,My neighbourhood is beautiful. I feel lucky each time I go out. #ottawa #Canada #freedom #summer
17145,17145.jpg,17145.txt,positive,Great day hiking #vancouverisland
7180,7180.jpg,7180.txt,positive,Imma enjoy this for all who couldn't make it ???? #BillboardMusicFestival #NY #XO
16463,16463.jpg,16463.txt,positive,Excited for in Sept! #toronto #concerts
2987,2987.jpg,2987.txt,negative,If abortion is a settled issue in #Canada than why people get upset with images of abortion? #elxn42 #RealChange #LPC
18384,18384.jpg,18384.txt,negative,for those about to rock !!! are you with me MONTREALLLLLLL !!! #RockOrBustWorldTour #mtl #ACDC #Montreal #RockOrBust
10030,10030.jpg,10030.txt,negative,BREAKING: Canada is officially in a recession for the 2nd time in 7 years. #ottnews #cdnpoli
